Subdoligranulum_0	71
Leeuwenhoekiella_0	37
Caminibacter_0	36
Oribacterium_1	85
Oribacterium_0	44
Oribacterium_2	59
Ruminiclostridium_2	52
Morganella_0	88
Leifsonia_0	48
Neisseria_3	76
Neisseria_2	45
Neisseria_1	54
Neisseria_0	82
Neisseria_7	48
Neisseria_6	76
Neisseria_5	53
Neisseria_4	45
Neisseria_9	46
Neisseria_8	80
Bordetella_5	52
Bordetella_4	53
Bordetella_3	55
Bordetella_2	74
Bordetella_1	51
Bordetella_0	55
Psychrobacter_1	45
Psychrobacter_0	37
Psychrobacter_2	44
Staphylococcus_1	87
Brachybacterium_0	82
Staphylococcus_3	67
Staphylococcus_2	68
Staphylococcus_5	81
Staphylococcus_4	66
Staphylococcus_7	69
Staphylococcus_6	82
Staphylococcus_9	67
Staphylococcus_8	64
Dechloromonas_0	43
Comamonas_0	52
Comamonas_1	53
Staphylococcus_28	66
Staphylococcus_29	86
Staphylococcus_20	68
Staphylococcus_21	68
Staphylococcus_22	65
Staphylococcus_23	82
Staphylococcus_24	68
Staphylococcus_25	69
Staphylococcus_26	66
Staphylococcus_27	86
Lactobacillus_18	67
Lactobacillus_19	50
Lactobacillus_14	53
Lactobacillus_15	48
Lactobacillus_16	51
Lactobacillus_17	77
Lactobacillus_10	49
Scardovia_0	86
Lactobacillus_12	61
Lactobacillus_13	78
Fusobacterium_7	58
Fusobacterium_6	58
Fusobacterium_5	69
Fusobacterium_4	55
Fusobacterium_3	68
Fusobacterium_2	69
Fusobacterium_1	78
Fusobacterium_0	58
Fusobacterium_9	54
Fusobacterium_8	59
unclassified_Melainabacteria_0	67
Paeniclostridium_0	83
Tannerella_1	37
Tannerella_0	72
Trueperella_0	90
Phascolarctobacterium_0	68
Porphyromonas_2	66
Yersinia_14	71
Yersinia_13	88
Yersinia_12	71
Yersinia_11	70
Yersinia_10	71
Oligotropha_0	35
Pedobacter_0	37
Porphyromonas_4	65
Helicobacter_8	47
Helicobacter_9	39
Helicobacter_2	45
Helicobacter_3	45
Helicobacter_0	46
Helicobacter_1	43
Helicobacter_6	44
Helicobacter_7	46
Helicobacter_4	46
Helicobacter_5	47
Aliivibrio_0	64
Microbacterium_2	80
Microbacterium_1	72
Microbacterium_0	77
Lachnospira_0	77
Butyricicoccus_0	85
Paracoccus_0	90
Barnesiella_0	58
Heliobacterium_0	53
Bacillus_18	79
Bacillus_19	86
Bacillus_16	88
Bacillus_17	71
Bacillus_14	69
Bacillus_15	89
Bacillus_12	86
Bacillus_13	75
Bacillus_10	72
Bacillus_11	82
Methyloversatilis_0	65
Methyloversatilis_1	63
Pseudarthrobacter_0	58
Staphylococcus_46	83
Staphylococcus_47	69
Haemophilus_3	64
Lactobacillus_8	55
Lactobacillus_9	65
Lactobacillus_2	88
Lactobacillus_3	68
Lactobacillus_0	77
Lactobacillus_1	72
Lactobacillus_6	78
Lactobacillus_7	47
Lactobacillus_4	78
Lactobacillus_5	52
Staphylococcus_40	68
Haemophilus_6	65
Bartonella_1	49
Bartonella_0	58
Enterococcus_8	68
Enterococcus_9	84
Enterococcus_2	60
Enterococcus_3	71
Enterococcus_0	52
Enterococcus_1	79
Enterococcus_6	71
Enterococcus_7	54
Enterococcus_4	61
Enterococcus_5	63
Holdemania_1	58
Holdemania_0	49
Stigmatella_0	45
Cloacibacillus_0	67
Cupriavidus_1	51
Cupriavidus_0	55
Nitrososphaera_0	70
Anaerococcus_4	85
Anaerococcus_1	63
Anaerococcus_0	53
Anaerococcus_3	55
Anaerococcus_2	82
Shigella_0	76
Shigella_1	75
Shigella_2	76
Thermobifida_0	46
Staphylococcus_58	68
Staphylococcus_55	65
Staphylococcus_54	67
Staphylococcus_57	82
Staphylococcus_56	68
Staphylococcus_51	66
Staphylococcus_50	80
Staphylococcus_53	68
Staphylococcus_52	69
Blautia_8	63
Blautia_9	67
Blautia_6	61
Blautia_7	50
Blautia_4	76
Blautia_5	69
Blautia_2	57
Blautia_3	72
Blautia_0	77
Blautia_1	67
Turicibacter_0	58
Acetoanaerobium_0	76
Sulfurospirillum_0	38
Novosphingobium_0	39
Escherichia_41	83
Escherichia_40	72
Nitrosomonas_1	35
Clostridium_45	57
Proteus_0	71
Proteus_1	87
Mannheimia_0	68
Alkaliphilus_0	53
Alkaliphilus_1	43
Streptomyces_1	58
Peptoniphilus_5	86
Caldicellulosiruptor_0	74
Dethiosulfovibrio_0	47
Beggiatoa_0	48
Robiginitalea_0	41
Veillonella_1	81
Veillonella_0	59
Veillonella_3	68
Veillonella_2	60
Veillonella_5	75
Veillonella_4	61
Veillonella_7	61
Veillonella_6	79
Roseiflexus_0	41
Mesoplasma_0	46
Corynebacterium_8	84
Zymomonas_0	38
Escherichia_8	79
Escherichia_9	80
Escherichia_2	83
Escherichia_3	77
Escherichia_0	84
Escherichia_1	93
Escherichia_6	82
Escherichia_7	79
Escherichia_4	82
Escherichia_5	80
Gemmata_0	51
Bacillus_7	71
Janthinobacterium_0	43
Delftia_0	88
Shewanella_0	50
Porphyromonas_3	67
Brachybacterium_1	46
Porphyromonas_1	43
Porphyromonas_0	59
Porphyromonas_6	68
Porphyromonas_5	67
Staphylococcus_0	81
Listeria_0	68
Peptoanaerobacter_0	49
Haemophilus_8	76
Propionibacterium_0	67
Staphylococcus_48	68
Staphylococcus_49	81
Haemophilus_1	62
Haemophilus_0	76
Staphylococcus_44	68
Haemophilus_2	56
Haemophilus_5	76
Staphylococcus_43	67
Haemophilus_7	58
Staphylococcus_41	67
Roseomonas_0	82
Lactobacillus_32	57
Lactobacillus_33	85
Lactobacillus_30	82
Lactobacillus_31	55
Lactobacillus_36	56
Lactobacillus_37	65
Lactobacillus_34	85
Lactobacillus_35	73
Thiobacillus_0	36
Clostridium_44	87
Nitrosomonas_0	37
Clostridium_42	62
Clostridium_43	57
Clostridium_40	49
Clostridium_41	57
Blastococcus_0	76
Centipeda_0	58
Enhydrobacter_0	37
Nakamurella_0	51
Cedecea_0	89
Nevskia_0	63
Jonquetella_0	53
Atopobium_2	79
Atopobium_3	81
Atopobium_0	80
Atopobium_1	45
Pectobacterium_0	73
Neisseria_17	83
Neisseria_16	46
Neisseria_15	51
Neisseria_14	37
Neisseria_13	45
Neisseria_12	57
Neisseria_11	54
Neisseria_10	82
Neisseria_18	44
Rhodothermus_0	42
Selenomonas_2	52
Selenomonas_3	55
Selenomonas_0	87
Selenomonas_1	56
Selenomonas_4	54
Selenomonas_5	50
Yokenella_0	95
Cryptobacterium_0	58
Anaerofustis_0	58
Butyrivibrio_1	69
Butyrivibrio_0	56
unclassified_Erysipelotrichaceae_3	57
unclassified_Erysipelotrichaceae_2	50
unclassified_Erysipelotrichaceae_1	51
unclassified_Erysipelotrichaceae_0	58
Clostridium_14	88
Clostridium_9	63
Clostridium_8	86
Clostridium_1	93
Clostridium_0	56
Clostridium_3	55
Clostridium_2	60
Clostridium_5	62
Clostridium_4	59
Clostridium_7	56
Clostridium_6	66
Clostridium_19	83
Clostridium_18	49
Acidobacterium_0	34
Herminiimonas_0	39
Streptococcus_19	50
Streptococcus_18	50
Streptococcus_13	83
Streptococcus_12	81
Streptococcus_11	78
Streptococcus_10	80
Streptococcus_17	88
Streptococcus_16	61
Streptococcus_15	87
Streptococcus_14	89
Pseudomonas_18	60
Pseudomonas_19	60
Pseudomonas_16	81
Pseudomonas_17	60
Pseudomonas_14	60
Pseudomonas_15	61
Pseudomonas_12	62
Pseudomonas_13	63
Pseudomonas_10	63
Pseudomonas_11	61
Afipia_1	35
Afipia_0	79
Corynebacterium_12	73
Corynebacterium_13	35
Lachnoclostridium_0	82
Lachnoclostridium_1	56
Lachnoclostridium_2	91
Lachnoclostridium_3	81
Lachnoclostridium_4	64
Lachnoclostridium_5	89
Lachnoclostridium_6	69
Lachnoclostridium_7	63
Lachnoclostridium_8	58
Lachnoclostridium_9	86
Methanomassiliicoccus_0	73
Corynebacterium_18	41
Corynebacterium_19	81
Flavonifractor_0	76
Lactobacillus_25	68
Lactobacillus_24	81
Lactobacillus_27	58
Lactobacillus_26	85
Lactobacillus_21	69
Lactobacillus_20	58
Lactobacillus_23	72
Lactobacillus_22	67
Lactobacillus_29	62
Lactobacillus_28	55
Syntrophothermus_0	29
Moorella_0	47
Escherichia_42	81
Dehalococcoides_0	39
Synechococcus_1	37
Candidatus_Carsonella_0	48
Leptotrichia_2	56
Leptotrichia_1	50
Leptotrichia_0	79
Lactobacillus_11	73
Faecalicoccus_0	70
Streptobacillus_0	49
Prevotella_42	69
Prevotella_40	69
Prevotella_41	58
Desulfitobacterium_0	54
Desulfitobacterium_1	49
Moraxella_0	66
Solobacterium_1	83
Solobacterium_0	84
Providencia_0	84
Providencia_1	88
Providencia_2	85
Providencia_3	82
Pseudomonas_8	64
Pseudomonas_9	63
Brevibacillus_3	79
Brevibacillus_2	83
Brevibacillus_1	84
Pseudomonas_7	60
Enterococcus_43	86
Pseudomonas_1	60
Enterococcus_41	71
Enterococcus_40	54
Oceanobacillus_0	83
Parvimonas_0	49
Brevundimonas_1	62
Salmonella_12	78
Leuconostoc_4	52
Hungatella_0	85
Hungatella_1	56
Hungatella_2	84
Leuconostoc_1	53
Rhodopseudomonas_1	39
Rhodopseudomonas_0	35
Rhodopseudomonas_3	31
Rhodopseudomonas_2	34
Rhodopseudomonas_5	38
Rhodopseudomonas_4	37
Candidatus_Desulforudis_0	34
Histophilus_0	63
Streptococcus_28	48
Streptococcus_29	48
Thiomonas_0	44
Streptococcus_27	50
Streptococcus_24	92
Streptococcus_25	73
Streptococcus_22	85
Streptococcus_23	48
Streptococcus_20	78
Streptococcus_21	47
Chania_0	93
Cellulomonas_0	45
Achromobacter_0	59
Erysipelatoclostridium_3	53
Erysipelatoclostridium_2	47
Erysipelatoclostridium_1	80
Erysipelatoclostridium_0	59
Erysipelatoclostridium_4	85
Actinosynnema_0	52
Kocuria_0	80
Kocuria_1	73
Pseudobutyrivibrio_0	74
Pediococcus_2	62
Ruminiclostridium_3	48
Leminorella_0	79
Bacteroides_49	75
Bacteroides_46	61
Bacteroides_47	68
Bacteroides_44	70
Bacteroides_45	55
Bacteroides_42	72
Bacteroides_43	56
Bacteroides_40	35
Bacteroides_41	77
Edwardsiella_0	73
Edwardsiella_1	87
Edwardsiella_2	75
Edwardsiella_3	86
Enterococcus_45	65
Cardiobacterium_0	59
Thermosinus_0	52
Burkholderia_1	59
Bacillus_44	72
Burkholderia_3	60
Bacillus_46	88
Burkholderia_4	58
unclassified_Erysipelotrichaceae_4	50
Ruminococcus_11	57
Ruminococcus_10	59
Brachyspira_2	54
Capnocytophaga_3	64
Capnocytophaga_0	69
Capnocytophaga_1	73
Photobacterium_0	71
Odoribacter_0	69
Odoribacter_1	55
Alistipes_4	71
Alistipes_0	58
Alistipes_1	68
Alistipes_2	78
Alistipes_3	66
Terrisporobacter_0	84
Candidatus_Phytoplasma_0	36
Candidatus_Phytoplasma_1	40
Pseudomonas_30	66
Pseudogulbenkiania_0	55
Paraclostridium_0	81
Pantoea_0	81
Streptococcus_31	80
Streptococcus_30	47
Streptococcus_33	64
Streptococcus_32	57
Streptococcus_35	59
Streptococcus_34	50
Streptococcus_37	45
Streptococcus_36	46
Streptococcus_39	63
Streptococcus_38	84
Acidaminococcus_2	74
Acidaminococcus_1	53
Acidaminococcus_0	63
Prevotella_9	43
Ralstonia_3	50
Ralstonia_2	49
Ralstonia_1	52
Ralstonia_0	51
Ralstonia_6	53
Ralstonia_5	53
Ralstonia_4	62
Saccharopolyspora_0	70
Synergistes_0	45
Blattabacterium_0	35
Ochrobactrum_0	81
Carnobacterium_0	55
Prevotella_1	71
Prevotella_0	68
Dokdonia_0	33
Bacteroides_59	35
Bacteroides_58	73
Bacteroides_55	54
Bacteroides_54	61
Bacteroides_57	54
Bacteroides_56	78
Bacteroides_51	70
Bacteroides_50	64
Bacteroides_53	67
Bacteroides_52	39
Trabulsiella_0	91
Helicobacter_10	43
Helicobacter_11	44
Helicobacter_12	43
Helicobacter_13	65
Helicobacter_14	59
Helicobacter_15	49
Bilophila_0	51
Bilophila_1	63
Caldanaerobacter_0	50
Caldanaerobacter_1	44
Xanthomonas_0	46
Clostridioides_10	80
Anaerobiospirillum_0	73
Thermanaerovibrio_0	52
Lactobacillus_78	64
Acinetobacter_0	53
Acinetobacter_1	70
Acinetobacter_2	62
Acinetobacter_3	79
Acinetobacter_4	86
Acinetobacter_5	58
Acinetobacter_6	53
Acinetobacter_7	83
Acinetobacter_8	87
Acinetobacter_9	54
Janibacter_0	45
Macrococcus_0	65
Eubacterium_44	32
Plesiomonas_0	85
Eubacterium_41	47
Eubacterium_40	82
Eubacterium_43	43
Eubacterium_42	45
Faecalitalea_0	81
Megasphaera_0	41
Megasphaera_1	78
Megasphaera_2	52
Acidipropionibacterium_1	78
Acidipropionibacterium_0	84
Basfia_0	70
Aeromonas_4	84
Candidatus_Riesia_0	49
Dermacoccus_0	75
Sphingopyxis_0	41
Gramella_0	30
Pseudomonas_27	69
Pseudomonas_26	64
Pseudomonas_25	78
Pseudomonas_24	58
Pseudomonas_23	63
Pseudomonas_22	62
Pseudomonas_21	61
Pseudomonas_20	61
Pseudomonas_29	61
Pseudomonas_28	60
Collinsella_0	55
Collinsella_1	53
Collinsella_2	58
Collinsella_3	80
Pasteurella_0	63
Pasteurella_1	64
Streptococcus_44	84
Streptococcus_45	55
Streptococcus_46	58
Streptococcus_47	50
Streptococcus_40	47
Streptococcus_41	40
Streptococcus_42	50
Streptococcus_43	62
Streptococcus_48	43
Streptococcus_49	83
Aromatoleum_0	42
Enterobacter_8	83
Enterobacter_1	95
Enterobacter_0	91
Enterobacter_3	77
Enterobacter_2	95
Enterobacter_5	94
Enterobacter_4	72
Enterobacter_7	93
Enterobacter_6	81
Succinatimonas_0	63
Anaerotruncus_0	69
Azotobacter_0	58
Bacteroides_60	74
Pyramidobacter_0	87
Pseudopropionibacterium_0	85
Eubacterium_0	89
Eubacterium_1	34
Eubacterium_2	42
Eubacterium_3	39
Eubacterium_4	40
Eubacterium_5	47
Eubacterium_6	40
Eubacterium_7	79
Eubacterium_8	44
Eubacterium_9	39
Ureibacillus_0	65
Pseudoramibacter_0	75
Candidatus_Sulcia_2	49
Eggerthella_1	47
Candidatus_Sulcia_0	43
Candidatus_Sulcia_1	48
Citromicrobium_0	28
Prevotella_11	38
Prevotella_10	43
Prevotella_13	72
Prevotella_12	37
Prevotella_15	67
Prevotella_14	72
Prevotella_17	72
Prevotella_16	39
Prevotella_19	61
Prevotella_18	48
Xenorhabdus_0	68
Dietzia_0	79
Stackebrandtia_0	52
Intestinibacter_0	74
Alicycliphilus_0	57
Tyzzerella_0	58
Roseobacter_0	37
Ureaplasma_0	74
Ureaplasma_1	42
Ureaplasma_2	74
Ureaplasma_3	42
Cellulosimicrobium_0	91
Bifidobacterium_28	90
Bifidobacterium_29	84
Bifidobacterium_22	65
Bifidobacterium_23	61
Bifidobacterium_20	77
Bifidobacterium_21	52
Bifidobacterium_27	70
Bifidobacterium_25	65
Brevibacillus_0	85
Methylobacterium_1	35
Methylobacterium_0	72
Methylobacterium_3	87
Methylobacterium_2	88
Actinobacillus_2	89
Actinobacillus_3	45
Actinobacillus_0	67
Actinobacillus_1	64
Actinobacillus_4	68
Actinobacillus_5	67
Corynebacterium_23	82
Bradyrhizobium_3	74
Bradyrhizobium_0	51
Corynebacterium_20	44
Acinetobacter_10	77
Beutenbergia_0	48
Borreliella_0	51
Streptococcus_57	63
Streptococcus_56	82
Streptococcus_55	48
Streptococcus_54	59
Streptococcus_53	48
Streptococcus_52	60
Streptococcus_51	56
Streptococcus_50	48
Olsenella_1	84
Olsenella_0	77
Streptococcus_59	49
Streptococcus_58	47
Kallipyga_0	84
Dictyoglomus_0	45
Dictyoglomus_1	43
Serratia_2	78
Serratia_3	77
Serratia_0	91
Serratia_1	81
Clostridium_11	55
Clostridium_10	95
Clostridium_13	83
Clostridium_12	76
Clostridium_15	56
Corynebacterium_9	53
Clostridium_17	84
Clostridium_16	57
Corynebacterium_4	52
Corynebacterium_5	50
Corynebacterium_6	74
Corynebacterium_7	48
Corynebacterium_0	59
Corynebacterium_1	63
Corynebacterium_2	56
Corynebacterium_3	73
Kangiella_0	32
Halococcus_0	79
Slackia_2	62
Slackia_0	60
Slackia_1	38
Sphingobium_0	34
Faecalibacterium_4	79
Faecalibacterium_2	71
Faecalibacterium_3	63
Faecalibacterium_0	52
Faecalibacterium_1	80
Citrobacter_6	81
Citrobacter_7	94
Citrobacter_4	91
Citrobacter_5	83
Citrobacter_2	95
Citrobacter_3	96
Citrobacter_0	99
Citrobacter_1	96
Varibaculum_0	71
Dorea_2	61
Dorea_1	77
Dorea_0	67
Paenibacillus_4	75
Paenibacillus_5	84
Paenibacillus_0	83
Paenibacillus_1	48
Paenibacillus_2	52
Paenibacillus_3	77
Vibrio_4	90
Vibrio_2	88
Vibrio_3	84
Vibrio_0	64
Vibrio_1	88
Limnobacter_0	42
Ruminococcus_9	56
Ruminococcus_8	71
Ruminococcus_3	54
Ruminococcus_2	47
Ruminococcus_1	76
Ruminococcus_0	65
Ruminococcus_7	78
Ruminococcus_6	81
Ruminococcus_5	77
Ruminococcus_4	51
Jonesia_0	44
Lactobacillus_52	71
Bifidobacterium_39	71
Bifidobacterium_38	70
Bifidobacterium_31	72
Bifidobacterium_30	50
Bifidobacterium_33	49
Bifidobacterium_32	75
Bifidobacterium_35	49
Bifidobacterium_34	59
Bifidobacterium_37	73
Bifidobacterium_36	84
Candidatus_Azobacteroides_0	34
Salmonella_1	78
Salmonella_0	82
Salmonella_3	78
Salmonella_2	77
Salmonella_5	81
Salmonella_4	81
Salmonella_7	78
Salmonella_6	81
Xenorhabdus_1	61
Salmonella_8	82
Lachnoclostridium_12	79
Leptolyngbya_0	51
Streptococcus_26	81
Campylobacter_15	51
Acidovorax_4	53
Acidovorax_1	55
Acidovorax_0	45
Acidovorax_3	45
Acidovorax_2	54
Dichelobacter_0	47
Lachnoclostridium_11	66
Bacteroides_28	82
Campylobacter_11	48
Campylobacter_12	51
Micrococcus_0	61
Micrococcus_1	42
Synechococcus_0	35
Gemella_3	77
Gemella_2	74
Gemella_1	74
Gemella_0	82
Campylobacter_18	50
Campylobacter_19	50
Parasutterella_0	63
Parascardovia_0	51
Campylobacter_2	54
Campylobacter_3	54
Campylobacter_0	63
Campylobacter_1	59
Campylobacter_6	38
Campylobacter_7	41
Campylobacter_4	39
Campylobacter_5	47
Campylobacter_8	42
Campylobacter_9	37
Lautropia_0	88
Lysinibacillus_0	82
Lysinibacillus_1	83
Streptococcus_68	62
Streptococcus_69	80
Streptococcus_62	46
Streptococcus_63	80
Streptococcus_60	87
Streptococcus_61	47
Streptococcus_66	86
Streptococcus_67	47
Streptococcus_64	83
Streptococcus_65	46
Arcobacter_0	49
Haemophilus_4	61
Brochothrix_0	94
Bifidobacterium_48	65
Pseudoflavonifractor_0	66
Chlorobaculum_0	34
Chlorobaculum_1	33
Coprococcus_3	66
Coprococcus_2	51
Coprococcus_1	67
Coprococcus_0	71
Clostridium_28	57
Clostridium_29	86
Clostridium_24	86
Clostridium_25	52
Clostridium_26	56
Clostridium_27	87
Clostridium_20	60
Clostridium_21	83
Clostridium_22	84
Clostridium_23	56
Herbaspirillum_0	52
Aneurinibacillus_0	86
Acholeplasma_0	45
Bacillus_37	69
Escherichia_50	82
Bacillus_30	72
Nocardiopsis_0	53
Rhizobium_0	54
Raoultella_0	97
Prevotella_39	39
Prevotella_38	70
Prevotella_37	78
Prevotella_36	35
Prevotella_35	40
Prevotella_34	38
Prevotella_33	35
Prevotella_32	73
Prevotella_31	76
Prevotella_30	71
Kingella_0	68
Kluyvera_0	97
Mobiluncus_4	56
Mobiluncus_2	53
Mobiluncus_3	44
Mobiluncus_0	52
Mobiluncus_1	78
Abiotrophia_0	64
Erysipelothrix_0	49
Rhodoferax_0	51
Pseudoalteromonas_0	48
Enterococcus_10	57
Enterococcus_11	55
Enterococcus_12	62
Enterococcus_13	85
Enterococcus_14	72
Enterococcus_15	59
Enterococcus_16	79
Enterococcus_17	92
Enterococcus_18	85
Enterococcus_19	90
Eubacterium_18	50
Eubacterium_19	55
Fusobacterium_13	59
Fusobacterium_12	58
Fusobacterium_11	54
Eubacterium_11	68
Fusobacterium_17	61
Fusobacterium_16	62
Eubacterium_14	58
Eubacterium_15	74
Shuttleworthia_0	49
Idiomarina_0	31
Thermosediminibacter_0	53
Renibacterium_0	48
Ruminiclostridium_11	75
Ruminiclostridium_10	55
Ruminiclostridium_13	77
Ruminiclostridium_12	54
Eggerthia_0	81
Pseudomonas_5	80
Sulfolobus_0	84
Shigella_3	77
Lactococcus_4	90
Lactococcus_3	82
Lactococcus_2	59
Lactococcus_1	54
Lactococcus_0	60
Silanimonas_0	71
Parabacteroides_3	80
Parabacteroides_2	54
Parabacteroides_1	73
Parabacteroides_0	55
Parabacteroides_7	72
Parabacteroides_6	74
Parabacteroides_5	59
Parabacteroides_4	68
Nitrobacter_0	27
Pelotomaculum_0	34
Oxalobacter_0	40
Oxalobacter_1	46
Streptococcus_70	57
Enterococcus_30	85
Enterococcus_31	79
Zymoseptoria_0	54
Megamonas_0	78
Megamonas_1	90
Polaribacter_1	37
Polaribacter_0	35
Clostridium_39	66
Clostridium_38	83
Stenotrophomonas_0	46
Stenotrophomonas_1	75
Stenotrophomonas_2	54
Stenotrophomonas_3	73
Clostridium_33	58
Clostridium_31	78
Clostridium_30	49
Clostridium_37	60
Clostridium_36	89
Clostridium_35	60
Clostridium_34	58
Pseudomonas_3	61
Thauera_0	45
Butyricicoccus_1	86
Bacteroides_11	50
Bacteroides_10	58
Bacteroides_13	74
Bacteroides_12	49
Bacteroides_15	53
Bacteroides_14	36
Bacteroides_17	73
Bacteroides_16	54
Bacteroides_19	52
Bacteroides_18	72
Aggregatibacter_2	66
Aggregatibacter_0	77
Aggregatibacter_1	65
Treponema_2	58
Treponema_1	51
Treponema_0	52
Escherichia_47	79
Escherichia_46	78
Escherichia_45	78
Escherichia_44	78
Escherichia_43	93
Paraburkholderia_0	100
Paraprevotella_1	66
Paraprevotella_0	65
Escherichia_49	79
Escherichia_48	79
Victivallis_0	52
Streptomyces_0	55
Streptomyces_3	55
Streptomyces_2	49
Kandleria_0	80
Eubacterium_36	72
Kytococcus_0	75
Prevotella_28	34
Prevotella_29	73
Prevotella_20	66
Prevotella_21	75
Prevotella_22	65
Prevotella_23	65
Prevotella_24	75
Prevotella_25	40
Prevotella_26	67
Prevotella_27	40
Arcanobacterium_0	87
Listeria_8	56
Listeria_9	68
Laribacter_0	70
Listeria_1	69
Listeria_2	68
Listeria_3	68
Listeria_4	49
Listeria_5	54
Listeria_6	68
Listeria_7	58
Oenococcus_0	62
Corynebacterium_16	65
Corynebacterium_17	61
Corynebacterium_14	73
Corynebacterium_15	38
Enterococcus_29	67
Enterococcus_28	72
Corynebacterium_10	74
Corynebacterium_11	72
Enterococcus_25	56
Enterococcus_24	73
Enterococcus_27	70
Enterococcus_26	66
Enterococcus_21	59
Enterococcus_20	49
Enterococcus_23	84
Enterococcus_22	51
Fusobacterium_22	73
Fusobacterium_23	56
Fusobacterium_20	58
Fusobacterium_21	70
Croceibacter_0	39
Bulleidia_0	81
Chryseobacterium_0	40
Salmonella_11	82
Salmonella_10	77
Salmonella_13	78
Brevundimonas_0	76
Salmonella_14	94
Ruminiclostridium_5	67
Ruminiclostridium_4	37
Ruminiclostridium_7	47
Ruminiclostridium_6	31
Ruminiclostridium_1	52
Ruminiclostridium_0	87
Pediococcus_1	64
Pediococcus_0	82
Ruminiclostridium_9	35
Ruminiclostridium_8	59
Bifidobacterium_13	51
Bifidobacterium_12	47
Bifidobacterium_11	58
Bifidobacterium_10	92
Bifidobacterium_17	50
Bifidobacterium_16	78
Bifidobacterium_15	63
Bifidobacterium_14	72
Bifidobacterium_19	71
Bifidobacterium_18	51
Mitsuokella_0	96
Mitsuokella_1	72
Bacillus_49	71
Bacillus_48	71
Bacillus_45	71
Burkholderia_0	91
Bacillus_47	86
Burkholderia_2	58
Bacillus_41	59
Bacillus_40	68
Bacillus_43	72
Bacillus_42	68
Capnocytophaga_2	37
Brachyspira_3	51
Brachyspira_0	52
Brachyspira_1	77
Pseudomonas_4	62
Finegoldia_1	50
Finegoldia_0	53
Finegoldia_2	72
Pseudomonas_6	87
Micromonospora_0	68
Enterococcus_44	77
Pseudomonas_0	87
Enterococcus_42	61
Bifidobacterium_9	64
Bifidobacterium_8	68
Pseudomonas_2	64
Bifidobacterium_3	45
Bifidobacterium_2	73
Bifidobacterium_1	70
Bifidobacterium_0	87
Bifidobacterium_7	65
Bifidobacterium_6	47
Bifidobacterium_5	78
Bifidobacterium_4	62
Clavibacter_0	50
Bacteroides_9	57
Bacteroides_8	53
Bacteroides_1	67
Bacteroides_0	81
Bacteroides_3	60
Bacteroides_2	73
Bacteroides_5	87
Bacteroides_4	70
Bacteroides_7	73
Bacteroides_6	47
Marvinbryantia_0	54
Marvinbryantia_1	63
Actinomyces_5	86
Actinomyces_4	81
Actinomyces_7	58
Actinomyces_6	79
Actinomyces_1	73
Actinomyces_0	77
Actinomyces_3	76
Actinomyces_2	60
Actinomyces_9	53
Actinomyces_8	91
Dialister_1	81
Dialister_0	72
Peptostreptococcus_0	57
Peptostreptococcus_1	80
Peptostreptococcus_2	82
Escherichia_32	80
Escherichia_33	82
Escherichia_30	82
Escherichia_31	80
Escherichia_36	79
Escherichia_37	94
Escherichia_34	78
Escherichia_35	84
Escherichia_38	77
Escherichia_39	81
Butyricimonas_1	75
Butyricimonas_0	76
Catonella_0	52
Lactobacillus_50	62
Lactobacillus_51	82
Sideroxydans_0	39
Lactobacillus_53	57
Lactobacillus_54	60
Lactobacillus_55	53
Lactobacillus_56	53
Lactobacillus_57	84
Lactobacillus_58	47
Lactobacillus_59	82
Campylobacter_14	36
Lachnoclostridium_13	60
Campylobacter_16	64
Campylobacter_17	62
Campylobacter_10	49
Bacteroides_29	78
Lachnoclostridium_14	87
Campylobacter_13	34
Bacteroides_24	74
Bacteroides_25	59
Bacteroides_26	69
Bacteroides_27	45
Bacteroides_20	77
Bacteroides_21	53
Bacteroides_22	60
Bacteroides_23	55
Erythrobacter_0	35
Tatumella_0	85
Coprobacillus_4	49
Coprobacillus_2	56
Coprobacillus_3	50
Coprobacillus_0	63
Coprobacillus_1	51
Dysgonomonas_0	83
Methanobrevibacter_0	74
Methanobrevibacter_1	50
Flavobacterium_1	39
Flavobacterium_0	30
Hafnia_0	92
Enterococcus_38	70
Enterococcus_39	90
Enterococcus_32	54
Enterococcus_33	53
Acetomicrobium_0	57
Acetomicrobium_1	62
Enterococcus_36	57
Enterococcus_37	85
Enterococcus_34	84
Enterococcus_35	84
Yersinia_7	91
Yersinia_6	71
Yersinia_5	94
Yersinia_4	93
Yersinia_3	71
Yersinia_2	70
Yersinia_1	91
Yersinia_0	67
Yersinia_9	87
Yersinia_8	71
Eubacterium_34	49
Eubacterium_35	45
Chromobacterium_0	66
Eubacterium_37	64
Eubacterium_30	68
Eubacterium_31	55
Eubacterium_32	37
Eubacterium_33	54
Eubacterium_38	40
Eubacterium_39	66
Clostridioides_0	75
Clostridioides_1	57
Clostridioides_2	56
Clostridioides_3	80
Clostridioides_4	57
Clostridioides_5	57
Clostridioides_6	75
Clostridioides_7	64
Clostridioides_8	57
Clostridioides_9	58
Staphylococcus_42	69
Streptococcus_7	81
Streptococcus_6	46
Streptococcus_5	46
Streptococcus_4	83
Streptococcus_3	46
Streptococcus_2	44
Streptococcus_1	58
Streptococcus_0	49
Thermobispora_0	36
Streptococcus_9	64
Streptococcus_8	58
Mageeibacillus_0	41
Brevibacterium_1	86
Brevibacterium_0	70
Brevibacterium_3	68
Brevibacterium_2	33
Eikenella_0	66
Desulfovibrio_11	49
Desulfovibrio_10	75
Granulicatella_1	82
Eubacterium_10	57
Lactobacillus_38	71
Candidatus_Stoquefichus_0	72
Granulicatella_0	82
Rothia_2	77
Rothia_3	65
Tropheryma_0	69
Rothia_1	49
Rothia_0	55
Rothia_4	79
Lactobacillus_39	47
Listeria_12	68
Listeria_13	45
Listeria_10	68
Listeria_11	68
Listeria_14	80
Anaerostipes_3	61
Anaerostipes_2	66
Anaerostipes_1	46
Anaerostipes_0	61
Symbiobacterium_0	58
Dickeya_0	71
Dickeya_1	77
Desulfovibrio_9	50
Desulfovibrio_8	58
Desulfovibrio_3	49
Leuconostoc_2	60
Desulfovibrio_1	49
Desulfovibrio_0	55
Desulfovibrio_7	57
Desulfovibrio_6	41
Desulfovibrio_5	51
Leuconostoc_3	88
Cellulosilyticum_0	87
Leuconostoc_0	86
Leptothrix_0	53
Simonsiella_0	56
Desulfomicrobium_0	44
unclassified_Bacteria_0	46
unclassified_Bacteria_1	43
Escherichia_21	93
Escherichia_20	77
Escherichia_23	80
Escherichia_22	81
Escherichia_25	93
Escherichia_24	81
Escherichia_27	82
Escherichia_26	92
Escherichia_29	80
Escherichia_28	83
Staphylococcus_11	62
Staphylococcus_10	82
Staphylococcus_13	67
Staphylococcus_12	68
Staphylococcus_15	78
Staphylococcus_14	85
Staphylococcus_17	68
Staphylococcus_16	64
Staphylococcus_19	68
Staphylococcus_18	85
Lactobacillus_43	75
Lactobacillus_42	71
Lactobacillus_41	80
Lactobacillus_40	64
Lactobacillus_47	81
Lactobacillus_46	62
Lactobacillus_45	63
Lactobacillus_44	71
Lactobacillus_49	70
Lactobacillus_48	51
Cetobacterium_0	83
Bacteroides_39	57
Bacteroides_38	54
Bacteroides_33	55
Bacteroides_32	54
Bacteroides_31	55
Bacteroides_30	86
Bacteroides_37	55
Bacteroides_36	40
Bacteroides_35	74
Bacteroides_34	41
Nitrosospira_0	39
Mycoplasma_10	47
Psychromonas_0	59
Lawsonia_0	33
Akkermansia_0	68
unclassified_Burkholderiales_0	53
Fusobacterium_19	68
Kurthia_0	90
Fusobacterium_18	75
Eubacterium_12	43
Eubacterium_13	79
Klebsiella_7	95
Klebsiella_6	83
Klebsiella_5	81
Klebsiella_4	95
Klebsiella_3	95
Klebsiella_2	80
Klebsiella_1	84
Klebsiella_0	96
Eubacterium_23	69
Eubacterium_22	48
Eubacterium_21	44
Eubacterium_20	38
Eubacterium_27	38
Eubacterium_26	52
Eubacterium_25	55
Eubacterium_24	85
Eubacterium_16	39
Eubacterium_29	68
Eubacterium_28	40
Eubacterium_17	37
Methylibium_0	42
Fusobacterium_15	83
Peptoniphilus_6	55
Peptoniphilus_7	44
Peptoniphilus_4	76
Exiguobacterium_0	77
Peptoniphilus_2	85
Peptoniphilus_3	39
Peptoniphilus_0	88
Peptoniphilus_1	54
Catenibacterium_0	57
Eggerthella_0	61
Ethanoligenens_0	49
Bacillus_8	93
Bacillus_9	83
Bacillus_4	92
Bacillus_5	67
Bacillus_6	71
Zunongwangia_0	37
Bacillus_0	91
Bacillus_1	72
Bacillus_2	68
Bacillus_3	72
Atlantibacter_0	93
Eggerthella_2	59
Eggerthella_3	56
Kineococcus_0	53
Bacillus_27	89
Bacillus_26	72
Bacillus_25	78
Bacillus_24	95
Bacillus_23	85
Bacillus_22	74
Bacillus_21	74
Bacillus_20	83
Bacillus_29	99
Bacillus_28	72
Holdemanella_0	58
Azoarcus_0	40
Weissella_2	82
Weissella_1	70
Weissella_0	86
Aerococcus_0	82
Desulfovibrio_2	49
Kordia_0	41
Curtobacterium_0	74
Sebaldella_0	56
Desulfovibrio_4	46
Actinomyces_11	72
Actinomyces_10	59
Actinomyces_13	59
Actinomyces_12	48
unclassified_Clostridiales_0	73
unclassified_Clostridiales_1	54
unclassified_Clostridiales_2	56
Gordonibacter_1	42
Gordonibacter_0	54
Nocardia_0	47
Rhodococcus_2	77
Rhodococcus_0	84
Rhodococcus_1	84
Escherichia_18	79
Escherichia_19	93
Escherichia_14	82
Escherichia_15	80
Escherichia_16	79
Sanguibacter_0	57
Escherichia_10	79
Escherichia_11	82
Escherichia_12	92
Escherichia_13	82
Desulfotomaculum_0	35
Paenarthrobacter_0	58
Prevotella_8	69
Geobacillus_0	54
Geobacillus_1	99
Prevotella_3	77
Prevotella_2	77
Prevotella_5	74
Prevotella_4	43
Prevotella_7	80
Prevotella_6	73
Cutibacterium_3	62
Cutibacterium_2	80
Cutibacterium_1	76
Cutibacterium_0	62
Cutibacterium_6	63
Cutibacterium_5	83
Cutibacterium_4	63
Lactobacillus_76	71
Lactobacillus_77	73
Lactobacillus_74	65
Lactobacillus_75	65
Lactobacillus_72	58
Lactobacillus_73	57
Lactobacillus_70	69
Lactobacillus_71	72
Roseburia_0	72
Roseburia_1	66
Roseburia_2	71
Roseburia_3	51
Grimontia_0	85
Aeromonas_1	80
Aeromonas_0	85
Aeromonas_3	79
Aeromonas_2	86
Alcaligenes_0	77
Alcaligenes_1	91
Mycoplasma_3	42
Mycoplasma_2	45
Mycoplasma_1	41
Mycoplasma_0	53
Mycoplasma_7	62
Mycoplasma_6	41
Mycoplasma_5	46
Mycoplasma_4	45
Mycoplasma_9	42
Mycoplasma_8	57
Verminephrobacter_0	53
Cronobacter_0	91
Cronobacter_1	73
Saccharomonospora_0	44
Corynebacterium_24	61
Bradyrhizobium_2	54
Corynebacterium_22	51
Corynebacterium_21	83
Bradyrhizobium_1	41
Alloprevotella_0	70
Nocardioides_0	49
Aeromicrobium_0	48
Polaromonas_1	51
Polaromonas_0	45
Cyanothece_0	40
Tsukamurella_0	59
Mycobacterium_4	39
Mycobacterium_0	52
Mycobacterium_1	56
Mycobacterium_2	41
Mycobacterium_3	72
Arthrobacter_0	54
Arthrobacter_1	76
Bifidobacterium_40	72
Bifidobacterium_41	65
Bifidobacterium_42	76
Bifidobacterium_43	88
Bifidobacterium_44	68
Bifidobacterium_45	64
Bifidobacterium_46	87
Bifidobacterium_47	62
Bacillus_34	69
Bacillus_35	76
Bacillus_36	85
Thermomonospora_0	41
Fusobacterium_10	53
Bacillus_31	72
Bacillus_32	73
Bacillus_33	62
Bacillus_38	66
Bacillus_39	69
Staphylococcus_45	68
Filifactor_0	75
Lachnoclostridium_10	59
Fusobacterium_14	61
Geodermatophilus_0	46
Sphingomonas_1	40
Sphingomonas_0	40
Alkalilimnicola_0	40
Gordonia_2	90
Gordonia_3	49
Gordonia_0	89
Gordonia_1	85
Sulfurihydrogenibium_1	31
Sulfurihydrogenibium_0	40
Algoriphagus_0	35
Staphylococcus_37	69
Staphylococcus_36	66
Staphylococcus_35	68
Staphylococcus_34	68
Staphylococcus_33	80
Staphylococcus_32	68
Staphylococcus_31	80
Staphylococcus_30	83
Staphylococcus_39	67
Staphylococcus_38	82
Methanosphaera_0	59
Erwinia_3	68
Erwinia_2	74
Erwinia_1	72
Erwinia_0	69
Erwinia_4	74
Lactobacillus_69	53
Lactobacillus_68	81
Sutterella_2	56
Bacteroides_48	56
Sutterella_0	76
Sutterella_1	62
Lactobacillus_61	62
Lactobacillus_60	71
Lactobacillus_63	56
Lactobacillus_62	68
Lactobacillus_65	61
Lactobacillus_64	52
Lactobacillus_67	67
Lactobacillus_66	76
Campylobacter_25	29
Campylobacter_24	50
Campylobacter_21	37
Campylobacter_20	29
Campylobacter_23	62
Campylobacter_22	48
Kribbella_0	42
Adlercreutzia_0	57
Xylanimonas_0	49
Succinivibrio_0	78
Gardnerella_3	46
Gardnerella_2	35
Gardnerella_1	50
Gardnerella_0	50
Escherichia_17	95
Subdoligranulum_1	54
