strain	pvalue
Fusobacterium_3	0
Fusobacterium_2	0
Helicobacter_6	0
Atopobium_2	0
Dehalococcoides_0	0
Streptococcus_35	0
Helicobacter_10	0
Campylobacter_7	0
Eubacterium_10	0
Nitrobacter_0	0
Enterococcus_27	0
Streptococcus_1	0
unclassified_Bacteria_0	0
Mycoplasma_10	0
Fusobacterium_18	0
Holdemanella_0	0
Prevotella_4	0
Lactobacillus_77	0
Mycoplasma_2	0
Mycoplasma_5	0
Lactobacillus_60	0
Helicobacter_3	1E-020
Fusobacterium_21	2E-020
Fusobacterium_19	2.776E-017
Lactobacillus_25	1.1158E-016
Rhizobium_0	1.4617E-016
Lactobacillus_1	1.9958E-016
Streptococcus_70	4.0395E-016
Streptobacillus_0	7.7477E-016
Lactobacillus_30	8.1522E-016
Lactobacillus_70	1.006456E-014
Lactobacillus_35	2.262327E-014
Kallipyga_0	4.491137E-014
Streptococcus_27	5.126939E-014
Holdemania_1	4.78091652E-012
Cellulosimicrobium_0	8.32022582E-012
Fusobacterium_13	1.628690123E-011
Lactobacillus_37	1.920970244E-011
Lactobacillus_42	1.0564594647E-010
Fusobacterium_22	1.2492452351E-010
Eubacterium_44	1.3219633103E-010
Lactococcus_4	8.9485261636E-010
Butyricicoccus_1	3.62713468493E-009
Anaerococcus_2	5.75985087532E-009
Lactobacillus_12	1.727412062468E-008
Lactobacillus_3	1.952568517899E-008
Paeniclostridium_0	4.660948655456E-008
Rhodopseudomonas_1	5.048898781424E-008
Lactobacillus_44	5.319074285162E-008
Porphyromonas_2	5.64182831115E-008
Peptostreptococcus_2	6.472753279558E-008
Enterococcus_24	7.031797571212E-008
Escherichia_39	1.0492753729705E-007
Enterococcus_16	1.5212970076396E-007
Actinomyces_6	2.8412909192905E-007
Lactobacillus_74	3.0011787494348E-007
Gardnerella_1	5.4946921995643E-007
Enterococcus_1	6.0210499380843E-007
Lactobacillus_46	0.000001574
Weissella_1	2.57311194460288E-006
Enterococcus_31	3.17630204739338E-006
Eubacterium_5	3.34074243583948E-006
Ureaplasma_1	6.24955931574935E-006
Microbacterium_0	7.86434604190025E-006
Alistipes_4	7.88460118168507E-006
Campylobacter_13	8.56009380278902E-006
Lactobacillus_21	9.36143967691623E-006
Sanguibacter_0	9.65466396991659E-006
Eubacterium_13	1.11235339657148E-005
Fusobacterium_12	1.15296896576914E-005
Ureaplasma_3	1.49459105431019E-005
Clostridium_21	1.95967154488868E-005
Lactobacillus_49	2.53823327420117E-005
Clostridium_24	2.84573753317105E-005
Micrococcus_1	3.43212969794188E-005
Mycoplasma_9	5.28494678648059E-005
Carnobacterium_0	7.96074310298943E-005
Leptotrichia_2	7.96107251127023E-005
Clostridium_42	8.37289084085735E-005
Klebsiella_7	0.000096065
Paenarthrobacter_0	0.0001068798
Pseudogulbenkiania_0	0.0001088327
Clostridium_29	0.0001098818
Bordetella_1	0.0001120984
Solobacterium_0	0.0001187118
Eubacterium_11	0.0001251881
Kribbella_0	0.0001299276
Ruminococcus_8	0.0001499484
Streptococcus_60	0.0001699191
Microbacterium_2	0.0001704331
Hungatella_0	0.0001801507
Bordetella_5	0.0001864917
Peptoniphilus_2	0.0001957866
Solobacterium_1	0.0002674074
Streptococcus_24	0.0003384828
Serratia_1	0.0003483439
Anaerobiospirillum_0	0.0003541066
Streptococcus_49	0.0004058404
Atopobium_3	0.0004081987
Streptococcus_22	0.0004210526
Enterococcus_44	0.0004826376
Clostridium_1	0.0005672732
Streptococcus_4	0.0006011192
Lactobacillus_45	0.0006787565
Streptococcus_63	0.0006876104
Lactobacillus_36	0.0006901408
Fusobacterium_5	0.0007153845
Enterococcus_43	0.0007202812
Pediococcus_0	0.0007316556
Ruminiclostridium_11	0.0007377861
Lactobacillus_63	0.0007674259
Microbacterium_1	0.0007851478
Rhodopseudomonas_3	0.0007986558
Paracoccus_0	0.0008528081
Escherichia_40	0.0008533605
Haemophilus_6	0.0009870353
Bulleidia_0	0.0010146415
Lactobacillus_4	0.0011375565
Fusobacterium_8	0.0012282978
Lactobacillus_71	0.0015022058
Rhodopseudomonas_5	0.0016888822
Symbiobacterium_0	0.0017591363
Actinomyces_4	0.0017686416
Enterococcus_35	0.0018655309
Lactobacillus_51	0.0019974093
Lactobacillus_24	0.0020974679
Kineococcus_0	0.0023865888
Lactobacillus_40	0.0024088891
Streptococcus_41	0.0025839357
Anaerococcus_4	0.0027075056
Escherichia_20	0.0027534533
Escherichia_46	0.0031213525
Clostridium_8	0.0032022105
Lactobacillus_33	0.003385912
Curtobacterium_0	0.0034185094
Escherichia_34	0.0034460153
Pseudomonas_2	0.0037176523
Klebsiella_2	0.0038756712
Enterococcus_9	0.0040681294
Bordetella_3	0.0045385676
Eggerthia_0	0.0046296323
Cutibacterium_5	0.0051912465
Escherichia_3	0.0053829956
Escherichia_26	0.0054335037
Citrobacter_6	0.0054431202
Gemella_1	0.0057525619
Clostridium_17	0.0058186682
Prevotella_24	0.0061503723
Corynebacterium_8	0.0067554703
Methylobacterium_0	0.0068800547
Escherichia_32	0.0074040007
Escherichia_36	0.007422418
Candidatus_Stoquefichus_0	0.0078859922
Cutibacterium_2	0.008086263
Klebsiella_5	0.008371615
Eubacterium_36	0.0092529136
Paraclostridium_0	0.0106576304
Corynebacterium_3	0.0108441297
Clostridium_27	0.0112891202
Pseudoflavonifractor_0	0.0122278321
Lactobacillus_57	0.0126313485
Brevundimonas_0	0.0132867028
Sphingomonas_1	0.0133132644
Bradyrhizobium_0	0.0135912338
Bacteroides_53	0.0142340001
Lactobacillus_17	0.0160148712
Bradyrhizobium_1	0.0167104939
Enterococcus_33	0.0175129678
Ruminococcus_6	0.0176975858
Enterococcus_32	0.0182427376
Citrobacter_1	0.0189321115
Enterococcus_23	0.0200653556
Lactobacillus_59	0.0204525858
Olsenella_0	0.0210066964
Enterococcus_40	0.0212898695
Citrobacter_3	0.021452457
Lactobacillus_19	0.0218778188
Pseudomonas_0	0.0219000212
Citrobacter_0	0.0230314369
Rhodopseudomonas_0	0.0233139583
Pseudomonas_25	0.0235367908
Pseudomonas_4	0.0239878088
Veillonella_5	0.0243899609
Pseudomonas_3	0.0245214881
Bacillus_11	0.0247983682
Weissella_2	0.0250407401
Acidovorax_3	0.0252908531
Cetobacterium_0	0.0253271258
Burkholderia_1	0.0253285181
Psychrobacter_0	0.0255714937
Staphylococcus_10	0.0267775461
Bartonella_1	0.0271729104
Brevibacterium_1	0.0271982171
Pseudomonas_20	0.0275304372
Dietzia_0	0.0277142116
Prevotella_8	0.0279288555
Finegoldia_0	0.0280468608
Pediococcus_2	0.0285666652
Aerococcus_0	0.0290320949
Gemella_0	0.0297970869
Weissella_0	0.0310874225
Brevibacillus_3	0.0315114863
Burkholderia_3	0.0316212019
Faecalitalea_0	0.0318069867
Pseudomonas_12	0.0330486437
Clostridium_44	0.0334999094
Eubacterium_40	0.0336772598
Bifidobacterium_8	0.0352673522
Pseudomonas_9	0.0357717575
Yersinia_1	0.0359212442
Bradyrhizobium_2	0.0369388024
Lactobacillus_75	0.0382168632
Parabacteroides_6	0.0382587504
Brevibacillus_0	0.0399691314
Pseudomonas_26	0.0410026567
Coprococcus_3	0.0411705641
Atopobium_0	0.0423233083
Pseudomonas_29	0.044039303
Granulicatella_0	0.0442093155
Arthrobacter_0	0.0443821596
Burkholderia_2	0.0446694647
Staphylococcus_1	0.0450674607
Tatumella_0	0.0461638212
Pseudomonas_23	0.0463964742
Aeromonas_1	0.0485652529
Bacteroides_44	0.0491437426
Gordonia_1	0.0506634161
Stenotrophomonas_0	0.0508626177
Leuconostoc_0	0.0512390475
Pediococcus_1	0.0519958993
Brevibacillus_2	0.0522749688
Escherichia_41	0.0526210683
Desulfovibrio_10	0.0529900444
Citromicrobium_0	0.0542008116
Lachnoclostridium_14	0.0549387449
Brevibacillus_1	0.0555859039
Herminiimonas_0	0.0558469288
Citrobacter_5	0.0559533353
Burkholderia_4	0.0560280708
Succinivibrio_0	0.0564824448
Thauera_0	0.0574815442
Ruminococcus_5	0.0584577235
Staphylococcus_6	0.0593063701
Lactobacillus_66	0.0601449313
Streptococcus_29	0.0609738818
Campylobacter_14	0.0609919927
Lactobacillus_14	0.0630506671
Actinomyces_8	0.0633838979
Eubacterium_12	0.0636904376
Streptococcus_18	0.0651758883
Anaerococcus_1	0.0655051482
Veillonella_2	0.0661199262
Blautia_0	0.0667256704
Abiotrophia_0	0.0669373546
Coprococcus_0	0.0675857964
Delftia_0	0.069646454
Capnocytophaga_2	0.0704107306
Streptococcus_14	0.0717422395
Collinsella_2	0.0721285556
Lactobacillus_8	0.0722288403
Eubacterium_34	0.0725014372
Actinobacillus_2	0.0728524833
Bifidobacterium_39	0.0737945064
Idiomarina_0	0.0738230097
Collinsella_0	0.0773408223
Burkholderia_0	0.0790692859
Enterobacter_5	0.0820935413
Morganella_0	0.0826954513
Arcanobacterium_0	0.0828371043
Leptotrichia_0	0.0835398578
Afipia_0	0.0846548572
Mycobacterium_0	0.0846857086
Bacillus_2	0.0856678648
Alistipes_1	0.086737217
Serratia_2	0.0879280882
Ruminiclostridium_13	0.0885883025
Citrobacter_4	0.0892052905
Anaerotruncus_0	0.0896041817
Escherichia_22	0.0907310307
Listeria_13	0.0919026111
Pseudomonas_16	0.092909084
Bacillus_3	0.0933368557
Brevibacterium_3	0.0935008032
Ralstonia_6	0.0939463419
Lactobacillus_0	0.0942264892
Tsukamurella_0	0.0946497354
Escherichia_9	0.095567686
Bradyrhizobium_3	0.0956754315
Cardiobacterium_0	0.0958241585
Bacillus_30	0.0967664564
Bacillus_42	0.0971885032
Mycobacterium_3	0.0977821792
Acetoanaerobium_0	0.0980317478
Corynebacterium_9	0.0986432331
Bacillus_45	0.10057502
Escherichia_17	0.1008944606
Dermacoccus_0	0.1009106158
Bacillus_5	0.1011959516
Eubacterium_42	0.1026211276
Bacillus_31	0.1026828531
Faecalibacterium_0	0.1031988032
Lactobacillus_62	0.1041686631
Comamonas_1	0.1042941924
Bacillus_22	0.1043215756
Bacillus_38	0.1044155739
Streptococcus_56	0.1048629072
Sphingopyxis_0	0.1049571954
Acholeplasma_0	0.1051199927
Escherichia_42	0.1053022036
Bacillus_35	0.1053565444
Bacillus_28	0.1055014712
Enterobacter_1	0.1057071512
Streptomyces_1	0.1067309887
Bacillus_4	0.1075609654
Enterobacter_8	0.1075804837
Micrococcus_0	0.1076946932
Lactobacillus_68	0.1083186624
Bacillus_40	0.1084458535
Pseudarthrobacter_0	0.1087483549
Escherichia_24	0.1089345206
Escherichia_28	0.1092656514
Thermobifida_0	0.1112864002
Azotobacter_0	0.1121971381
Kurthia_0	0.1125847912
Enterobacter_0	0.1129945848
Bacillus_41	0.1150312228
Plesiomonas_0	0.1150640509
Bacteroides_26	0.1151529256
Mycobacterium_2	0.1164980774
Haemophilus_5	0.1166739676
Bacillus_6	0.1177072562
Rhodococcus_1	0.1185248027
Dechloromonas_0	0.118596586
Granulicatella_1	0.1192100116
Herbaspirillum_0	0.1192575238
Klebsiella_0	0.1198103114
Bacillus_37	0.1200306138
Bacillus_44	0.1202773486
Bacillus_7	0.1205176986
Staphylococcus_38	0.120625497
Hungatella_2	0.1215736218
Bacillus_14	0.1235959709
Bacillus_32	0.1242929574
Kytococcus_0	0.1251559902
Actinomyces_12	0.1254024674
Bacillus_49	0.1254228229
Prevotella_19	0.126078798
Nocardiopsis_0	0.127013827
Lactobacillus_22	0.1281446564
Cellulosilyticum_0	0.1310489192
Escherichia_13	0.1310988114
Bacillus_43	0.1316462171
Lactobacillus_52	0.1322681985
Bacillus_34	0.1343640992
Lysinibacillus_0	0.1352175509
Barnesiella_0	0.1367531759
Fusobacterium_20	0.1382965769
Treponema_2	0.1390013604
Leptothrix_0	0.1391781752
Bacillus_17	0.1396001124
Pseudomonas_11	0.1403709083
Enhydrobacter_0	0.1413209907
Oceanobacillus_0	0.1414642152
Pseudobutyrivibrio_0	0.1416279105
Neisseria_7	0.14194935
Ruminiclostridium_5	0.1423692994
Serratia_3	0.1448702341
Streptococcus_32	0.1451163736
Bacillus_39	0.1473169585
Staphylococcus_46	0.1479291564
Pseudomonas_6	0.1485313973
Pseudoramibacter_0	0.1487928625
Bacillus_48	0.1504232699
Mycoplasma_4	0.1520444892
Escherichia_4	0.1526258968
Aneurinibacillus_0	0.1540710014
Mycobacterium_1	0.15420843
Klebsiella_4	0.1544316203
Listeria_7	0.1545311901
Bacillus_10	0.1547656151
Verminephrobacter_0	0.1549236569
Pseudomonas_1	0.1554969921
Finegoldia_2	0.1557332827
Leminorella_0	0.1561860889
Acetomicrobium_1	0.15882434
Lactobacillus_23	0.159870238
Bacillus_1	0.1610680699
Bacillus_13	0.1613909507
Helicobacter_2	0.1617793389
unclassified_Erysipelotrichaceae_0	0.1659255851
Pseudopropionibacterium_0	0.1664174875
Terrisporobacter_0	0.1670119209
Enterococcus_30	0.1674234206
Escherichia_12	0.1690778008
Bacillus_21	0.1698527806
unclassified_Clostridiales_0	0.1713457642
Clostridium_31	0.1729425202
Escherichia_27	0.1748816043
Gramella_0	0.1758187332
Comamonas_0	0.175876134
Neisseria_18	0.1769353969
Klebsiella_3	0.1775877345
Blautia_9	0.1779519287
Sphingomonas_0	0.1783440555
Bacillus_26	0.1784811103
Gordonia_0	0.1791492566
Lachnoclostridium_2	0.1794002905
Sebaldella_0	0.1800587998
Escherichia_19	0.1802935488
Gordonia_2	0.1816583825
Citrobacter_2	0.1822524772
Salmonella_14	0.1841191132
Succinatimonas_0	0.1848383295
Bacillus_8	0.1867338869
Bacillus_19	0.1869488177
Stenotrophomonas_2	0.1877648401
Edwardsiella_3	0.1878988283
Citrobacter_7	0.1900186894
Blastococcus_0	0.1910575883
Escherichia_21	0.1915340117
Psychrobacter_1	0.1920345904
Fusobacterium_11	0.1932473592
Collinsella_3	0.1937114712
Actinomyces_1	0.1943504099
Streptococcus_54	0.1943870293
Bifidobacterium_41	0.194712956
Fusobacterium_9	0.1952149498
Streptococcus_67	0.1952895912
Ureibacillus_0	0.1962099556
Propionibacterium_0	0.1970944772
Bifidobacterium_25	0.1974882741
Bifidobacterium_22	0.2025853693
Escherichia_25	0.2049386176
Acinetobacter_8	0.2058183972
Haemophilus_1	0.2063665288
Lysinibacillus_1	0.2070151453
Achromobacter_0	0.2073539902
Methylobacterium_2	0.2082253677
Bifidobacterium_48	0.2088359379
Prevotella_39	0.208926143
Escherichia_37	0.2098573528
Streptococcus_30	0.2103796012
Staphylococcus_30	0.2104089944
Streptococcus_15	0.2111478927
Rhodococcus_2	0.2122847796
Veillonella_0	0.2141690755
Corynebacterium_12	0.2148774421
Clostridium_19	0.2162579204
Algoriphagus_0	0.2170958333
Cedecea_0	0.2174288801
Staphylococcus_0	0.2182675467
Psychrobacter_2	0.2188900343
unclassified_Erysipelotrichaceae_3	0.2200952183
Fusobacterium_1	0.2218439999
Ruminococcus_11	0.2238143209
Exiguobacterium_0	0.2246509631
Lactobacillus_76	0.2250250291
Lactobacillus_69	0.2289154647
Providencia_0	0.2300688651
Providencia_3	0.2315865057
Peptoniphilus_5	0.2328653218
Sulfolobus_0	0.2342590322
Providencia_2	0.2345808529
Enterococcus_34	0.2356208343
Methylobacterium_3	0.2368454459
Peptostreptococcus_1	0.2384959848
Silanimonas_0	0.2387524999
Methyloversatilis_0	0.2401750844
Eubacterium_0	0.2437667344
Ruminococcus_10	0.2442279573
Olsenella_1	0.2454279968
Proteus_0	0.2468995274
Gemella_2	0.248656885
Lactobacillus_11	0.2488783359
Hungatella_1	0.2525083177
Alcaligenes_1	0.2528675499
Bacillus_23	0.2539300825
Streptococcus_38	0.254709744
Ruminiclostridium_1	0.258565315
Lachnoclostridium_0	0.2593771311
Actinomyces_11	0.2607176003
Streptococcus_17	0.261172225
Enterobacter_6	0.2632029887
Selenomonas_0	0.2670204825
Dysgonomonas_0	0.2690217694
Bifidobacterium_32	0.2709335584
Cronobacter_0	0.2710269113
Lactobacillus_18	0.2710941827
Enterococcus_19	0.2714118613
Megamonas_1	0.2743218599
Edwardsiella_1	0.275072219
Enterobacter_7	0.2757260347
Dorea_1	0.277088828
Enterobacter_2	0.280527911
Lachnoclostridium_6	0.2825252523
Nocardia_0	0.2829005393
Yersinia_7	0.2862812692
Lachnoclostridium_5	0.286468652
Bifidobacterium_45	0.2891824794
Collinsella_1	0.2902216972
Brevibacterium_0	0.2905071823
Bacillus_27	0.2930521223
Providencia_1	0.2932003952
Lachnoclostridium_11	0.2967133368
Ruminococcus_3	0.2967942363
Bifidobacterium_7	0.2996406459
Blautia_5	0.3002717385
Nitrosomonas_1	0.3008557277
Rothia_0	0.3021484937
Eubacterium_37	0.3061562028
Micromonospora_0	0.3087147026
Staphylococcus_18	0.3098797831
Campylobacter_19	0.3102956575
Dorea_0	0.3107005065
Campylobacter_24	0.3118585388
Lachnoclostridium_4	0.3126794737
Rhodopseudomonas_4	0.3155053174
Campylobacter_11	0.316615791
Streptococcus_5	0.316706107
Lactobacillus_28	0.3187627003
Veillonella_3	0.3190092067
Escherichia_1	0.3195847136
Ruminiclostridium_9	0.3195900128
Ralstonia_4	0.3199764887
Leuconostoc_2	0.3200089603
Faecalibacterium_4	0.3214698933
Eubacterium_33	0.3240114955
Enterococcus_39	0.3265979378
Corynebacterium_15	0.3270081864
Campylobacter_10	0.3276134137
Brachybacterium_0	0.329461963
Butyrivibrio_0	0.3317679596
Corynebacterium_13	0.333866231
Sutterella_1	0.3341151503
Capnocytophaga_1	0.336330371
Capnocytophaga_0	0.337023223
Flavonifractor_0	0.3383998298
Bifidobacterium_23	0.3386931001
Anaerostipes_0	0.3417557476
Enterococcus_13	0.344445418
Streptococcus_66	0.3470578545
Alcaligenes_0	0.3473679664
Streptococcus_21	0.3497093514
Faecalibacterium_1	0.3551383079
Neisseria_13	0.3560655572
Acidovorax_4	0.3568477686
Erysipelatoclostridium_4	0.357240947
Butyricimonas_0	0.3671215335
Megasphaera_1	0.3702988184
Ruminococcus_0	0.3766524831
Tannerella_0	0.3779509339
Acinetobacter_3	0.3781982543
Ralstonia_3	0.3788497655
Bifidobacterium_31	0.3797490944
Streptococcus_64	0.3804917877
Mycoplasma_6	0.3806954289
Rhodothermus_0	0.381312464
Acinetobacter_10	0.3852822886
Chryseobacterium_0	0.3871673475
unclassified_Burkholderiales_0	0.3888897868
Bacteroides_38	0.3967288484
Actinomyces_13	0.4001346017
Phascolarctobacterium_0	0.4015761014
Mycoplasma_8	0.402336286
Bacteroides_37	0.4026951072
Lachnoclostridium_3	0.4040448706
Erysipelothrix_0	0.4041134673
Lachnoclostridium_8	0.408715183
Bacillus_46	0.4088999423
Parvimonas_0	0.4090547209
Roseburia_0	0.4107230548
Polaribacter_0	0.4124918901
Butyricicoccus_0	0.4153611702
Neisseria_2	0.4166654999
Brevundimonas_1	0.4172016024
Bacteroides_21	0.4217150539
Rothia_1	0.4222125316
Streptococcus_19	0.4227562141
Brochothrix_0	0.4245234409
Capnocytophaga_3	0.4331400187
Eikenella_0	0.434428036
Bacillus_12	0.4352863342
Xylanimonas_0	0.4353338886
Corynebacterium_11	0.4358906661
Geobacillus_0	0.4359669161
Bacillus_15	0.4367923307
Bacteroides_43	0.4410191531
Bacteroides_14	0.4422864569
Bifidobacterium_40	0.4427107607
Bacteroides_33	0.4434656124
Blautia_1	0.4434686288
Coprobacillus_2	0.445217971
Dethiosulfovibrio_0	0.4452340544
Actinomyces_5	0.4454044497
Eubacterium_26	0.4491418619
Neisseria_15	0.4499387878
Enterococcus_17	0.4514077356
Campylobacter_21	0.4518552731
Bacteroides_31	0.4522065379
Lachnoclostridium_9	0.4563516117
Lactobacillus_34	0.4572492963
Escherichia_43	0.4616820828
Beutenbergia_0	0.4635285349
Erysipelatoclostridium_0	0.4648038463
Moraxella_0	0.4652740625
Bacillus_20	0.4660124444
Erysipelatoclostridium_3	0.4663626533
Mitsuokella_1	0.4672248034
Bacillus_18	0.4679768224
Bacteroides_8	0.4729496737
Coprococcus_1	0.4733068115
Arcobacter_0	0.4747570601
Novosphingobium_0	0.4748351822
Bacillus_33	0.4754654913
Clostridium_41	0.4780384014
Bifidobacterium_19	0.4793562034
Sulfurihydrogenibium_1	0.4799385027
Blautia_8	0.4801168128
Bifidobacterium_27	0.480184629
Rhodococcus_0	0.4809484214
Anaerostipes_3	0.482717569
Flavobacterium_0	0.4884645811
Ruminiclostridium_2	0.4889517383
Halococcus_0	0.489507741
Bacillus_16	0.4977901027
Bacteroides_46	0.5050491091
Rhodopseudomonas_2	0.5052315319
Marvinbryantia_1	0.5052614783
Campylobacter_16	0.5081434943
Rothia_3	0.5104400361
Corynebacterium_22	0.5107657085
Neisseria_11	0.5114851144
Faecalicoccus_0	0.5118809114
Nitrosomonas_0	0.5124811922
Ruminococcus_7	0.5125914959
Clostridium_38	0.5132069296
Bacteroides_48	0.5140819944
Clostridium_13	0.5141087917
Eubacterium_15	0.5143356393
Neisseria_12	0.5149537507
Campylobacter_1	0.5159236278
Peptoanaerobacter_0	0.5160039682
Bifidobacterium_4	0.5212621115
Scardovia_0	0.5229489121
Ruminiclostridium_0	0.523591205
Eggerthella_2	0.5265301265
Brachyspira_1	0.5266972357
Erysipelatoclostridium_1	0.5303567358
Campylobacter_8	0.5320638311
Clostridium_36	0.5325556988
Leuconostoc_4	0.5328059144
Bacillus_24	0.5337757958
Peptoniphilus_4	0.5343397906
Tropheryma_0	0.5374663406
Bacteroides_57	0.5378820794
Bacteroides_32	0.5420435623
Dialister_0	0.5430004823
Paenibacillus_4	0.5430582195
Paenibacillus_5	0.5451661728
Dichelobacter_0	0.5483686274
Streptococcus_28	0.548407089
Paenibacillus_3	0.550811026
Bacteroides_28	0.5510946733
Acinetobacter_7	0.5516066827
Paenibacillus_0	0.5518510845
Campylobacter_17	0.5518932989
Bacillus_29	0.551948586
Bacillus_47	0.5543190011
Peptoniphilus_0	0.5568274289
Selenomonas_5	0.5594797274
Candidatus_Riesia_0	0.5603601688
Clostridium_2	0.5615954046
Sideroxydans_0	0.5618631261
Eubacterium_30	0.5637961163
Clostridium_35	0.5674745987
Streptococcus_26	0.567964409
Lactobacillus_73	0.5687061071
Bacteroides_3	0.5688782353
Desulfitobacterium_0	0.5760208708
Campylobacter_23	0.576445644
Enterococcus_5	0.577324049
Parabacteroides_5	0.5778801444
Actinobacillus_0	0.578541895
Enterococcus_45	0.5793024511
Lactobacillus_9	0.5794474639
Histophilus_0	0.5794893669
Bacteroides_19	0.5796924616
Eubacterium_22	0.5801539793
Beggiatoa_0	0.5807949504
Leuconostoc_1	0.5809313305
Lactobacillus_56	0.5814019655
Clostridium_14	0.5821631153
Synergistes_0	0.5824917629
Desulfovibrio_5	0.5827589129
Lactococcus_0	0.5838242561
Clostridium_10	0.5838549972
Streptococcus_59	0.5844554755
Lactobacillus_50	0.58460498
Gardnerella_2	0.5846500943
Lactobacillus_65	0.5868535447
Staphylococcus_50	0.5873280104
Fusobacterium_16	0.587888745
Staphylococcus_56	0.5880819422
Helicobacter_1	0.5900139107
Streptococcus_40	0.5901799467
Coprobacillus_0	0.5902197163
Caldicellulosiruptor_0	0.5904122082
Neisseria_1	0.5909084511
Clostridium_28	0.5912755694
Prevotella_26	0.5913116586
Lachnoclostridium_1	0.5913126144
Bifidobacterium_29	0.5916190315
Coprococcus_2	0.5922729627
Blautia_3	0.5929185426
Lactobacillus_64	0.593231807
Actinomyces_7	0.5932710855
Chlorobaculum_0	0.5939916055
Prevotella_34	0.5943797064
Listeria_8	0.5943807589
Enterococcus_3	0.5944084774
Neisseria_9	0.5944917387
Lachnoclostridium_10	0.5945943898
Thermobispora_0	0.5946708191
Mannheimia_0	0.5947726953
Enterobacter_4	0.5950537614
Prevotella_14	0.5952832545
Acinetobacter_0	0.5953654295
Blautia_7	0.595377569
Gardnerella_3	0.5954712626
Enterococcus_21	0.5955099928
Slackia_1	0.5956516194
Actinobacillus_3	0.5957206054
Bifidobacterium_2	0.5959412579
Actinobacillus_4	0.5959868501
Eubacterium_28	0.5964876437
Coprobacillus_3	0.5965041349
Enterococcus_4	0.5965282798
Staphylococcus_21	0.5966076507
Staphylococcus_7	0.5968169621
Prevotella_32	0.5971953823
Yersinia_13	0.5972001395
Staphylococcus_53	0.5975645382
Staphylococcus_24	0.5977517655
Staphylococcus_22	0.5979319808
Staphylococcus_23	0.5982331282
Clostridioides_2	0.5985949436
Eubacterium_16	0.5985960563
Eubacterium_43	0.5986045947
Lactobacillus_29	0.598605255
Eubacterium_31	0.5986603156
Listeria_5	0.5989056368
Streptococcus_37	0.599030987
Prevotella_37	0.5992423359
Lachnoclostridium_13	0.5994577994
Aromatoleum_0	0.5994807668
Clostridium_18	0.5996088079
Staphylococcus_13	0.5996181405
Bacteroides_12	0.5996480286
Streptococcus_55	0.5997389126
Prevotella_25	0.5997548154
Enterococcus_10	0.5997794665
Subdoligranulum_1	0.5998061935
Salmonella_5	0.6001712011
Kocuria_1	0.6002364276
unclassified_Erysipelotrichaceae_4	0.6006700125
Staphylococcus_39	0.6007446412
Eubacterium_39	0.6007508883
Yersinia_0	0.6008817648
Clostridioides_8	0.600906808
Enterococcus_2	0.6009583459
Clostridium_43	0.6009713358
Actinomyces_10	0.6009726649
Staphylococcus_19	0.6010357998
Leeuwenhoekiella_0	0.6015431221
Heliobacterium_0	0.6016142729
Staphylococcus_4	0.601821246
Clostridium_37	0.6018382486
Streptococcus_39	0.6018415786
Clostridioides_7	0.6018537128
Streptococcus_3	0.6019023776
Eubacterium_21	0.6025460144
Prevotella_6	0.6025625685
Clostridium_5	0.6028193241
Staphylococcus_55	0.6028753779
Eubacterium_8	0.6028982474
Candidatus_Sulcia_2	0.6029058423
Methylobacterium_1	0.6029069711
Streptococcus_68	0.6029170368
Lactobacillus_72	0.6029199309
Clostridium_45	0.6029533471
Eubacterium_1	0.6029791871
Clostridium_4	0.6029834125
Leptotrichia_1	0.6030199607
Chromobacterium_0	0.60305508
Acinetobacter_6	0.6030725405
Clostridioides_9	0.6031135069
Ruminiclostridium_4	0.6032583872
Staphylococcus_36	0.6033375598
Lactobacillus_61	0.6039837238
Streptococcus_45	0.6040214826
Desulfomicrobium_0	0.6040250346
Clostridium_16	0.6040513795
Peptoniphilus_3	0.604062945
Mesoplasma_0	0.6040931235
Aggregatibacter_1	0.6041056368
Mageeibacillus_0	0.6042414065
Prevotella_1	0.6043312475
Mobiluncus_4	0.6043518445
Escherichia_11	0.6044063989
Prevotella_40	0.6044389802
Fusobacterium_10	0.6044777665
Bilophila_0	0.6044885317
Acidaminococcus_1	0.6047645422
Bordetella_4	0.60498576
Croceibacter_0	0.6050564795
Candidatus_Phytoplasma_1	0.6050649127
Mobiluncus_3	0.6050779093
Enterococcus_28	0.6050868009
Clostridium_7	0.6051564496
Streptococcus_0	0.6051603197
Actinobacillus_1	0.6051906058
Clostridioides_5	0.6052052644
Enterococcus_15	0.6052657954
Staphylococcus_25	0.6053752561
Campylobacter_9	0.6054644751
Salmonella_11	0.6055605029
Corynebacterium_6	0.6057967359
Staphylococcus_57	0.6058974886
Eggerthella_1	0.6060262075
Helicobacter_11	0.6061478263
Clostridioides_1	0.6061609662
Thermosediminibacter_0	0.6062662108
Acinetobacter_4	0.6063384419
Clostridium_33	0.6063724671
Streptococcus_69	0.6064402815
Acidobacterium_0	0.6067242169
Lactobacillus_27	0.6067386218
Blautia_2	0.60679256
Prevotella_10	0.6072333248
Eubacterium_38	0.6072482983
Candidatus_Sulcia_0	0.6072504067
Victivallis_0	0.6072566124
Haemophilus_7	0.6072590762
Staphylococcus_17	0.6072692965
Enterococcus_25	0.6073328203
Bacteroides_41	0.607338126
Aggregatibacter_2	0.6073482762
Cutibacterium_1	0.6073866522
Aggregatibacter_0	0.607659274
Staphylococcus_48	0.6078621045
Staphylococcus_33	0.6078786181
Campylobacter_25	0.6078888502
Ruminiclostridium_7	0.6081889777
Paenibacillus_1	0.6082237955
Enterococcus_6	0.6082282236
Helicobacter_4	0.6083248167
Prevotella_28	0.6083276334
Oenococcus_0	0.6083408929
Enterococcus_8	0.6083458637
Streptococcus_53	0.6084206629
Treponema_0	0.6084388264
Basfia_0	0.6085843436
Lachnoclostridium_12	0.6085860779
Flavobacterium_1	0.6086432709
Peptoniphilus_6	0.6087614901
Ruminococcus_2	0.6088249731
Thermomonospora_0	0.608891186
Streptococcus_48	0.6088971942
Alkaliphilus_0	0.6089071762
Candidatus_Azobacteroides_0	0.608929699
Escherichia_35	0.6090016189
Helicobacter_12	0.6094106425
Eubacterium_17	0.6094481668
Pasteurella_1	0.6094583922
Lactococcus_2	0.6096532131
Campylobacter_5	0.6097629706
Salmonella_6	0.6097742966
Porphyromonas_5	0.6100035733
Desulfovibrio_9	0.61010494
Anaerococcus_0	0.6101943848
Staphylococcus_12	0.6103562623
Mobiluncus_0	0.6105014901
Lactobacillus_54	0.6105204353
Streptococcus_57	0.6105307353
Clostridium_6	0.6105907166
Staphylococcus_45	0.6106195562
Fusobacterium_6	0.6106613404
Caldanaerobacter_1	0.6109157672
Clostridium_25	0.6109206533
Alkalilimnicola_0	0.6111223507
Prevotella_35	0.6115981984
Catonella_0	0.6116058212
Roseburia_3	0.6117737772
Campylobacter_20	0.6120714731
Caldanaerobacter_0	0.6122073164
Saccharomonospora_0	0.6122124781
Staphylococcus_31	0.6123384876
Bifidobacterium_46	0.612352127
Prevotella_3	0.6123573787
Actinosynnema_0	0.6125322836
Megasphaera_2	0.6126905792
Eubacterium_6	0.6126907328
Mycoplasma_1	0.6126976059
Prevotella_33	0.6127165386
Salmonella_4	0.6128298189
Bifidobacterium_36	0.6128691699
Bifidobacterium_12	0.6128943152
Bifidobacterium_18	0.6129181106
Pasteurella_0	0.6132370697
Sulfurospirillum_0	0.6133904094
Lautropia_0	0.6134008422
Klebsiella_1	0.6134347581
Prevotella_15	0.6136229484
Staphylococcus_34	0.6136548873
Salmonella_0	0.6136852673
Staphylococcus_40	0.6136992964
Pseudomonas_5	0.6137737407
Prevotella_9	0.613822979
Lactobacillus_53	0.6139745666
Listeria_4	0.6141237568
Lactococcus_1	0.6141641422
Bifidobacterium_34	0.6141710233
Enterococcus_0	0.6142054388
Bifidobacterium_10	0.614285187
Corynebacterium_18	0.6143768363
Streptococcus_6	0.6144392594
Gardnerella_0	0.6145327096
Bacteroides_23	0.6145507489
Methylibium_0	0.6145592009
Proteus_1	0.6146125776
Kluyvera_0	0.6146432697
Veillonella_7	0.6148345095
Clostridium_15	0.6148930741
Oribacterium_0	0.6149032
Veillonella_4	0.6149874839
Enterococcus_20	0.6150203682
Escherichia_18	0.6153447096
Stigmatella_0	0.6155516725
Bifidobacterium_13	0.6159886538
Treponema_1	0.6159904388
Desulfovibrio_2	0.6160148109
Oribacterium_1	0.6160419436
Haemophilus_4	0.6160718636
Clostridium_0	0.6160949632
Shuttleworthia_0	0.6161073394
Bifidobacterium_38	0.6161717465
Eubacterium_35	0.6165526692
Ruminiclostridium_10	0.6165761395
Prevotella_0	0.6166898839
Escherichia_14	0.6166911035
Desulfovibrio_6	0.6169055077
Bacteroides_29	0.6170779092
Streptococcus_46	0.6170966547
Alistipes_0	0.617113858
Streptococcus_65	0.6171604256
Staphylococcus_41	0.6171954296
Clostridium_20	0.6174956346
Eubacterium_24	0.6175823628
Eubacterium_4	0.6176152623
Streptococcus_2	0.6176314071
Salmonella_8	0.6177415097
Listeria_9	0.6178227643
Enterococcus_36	0.6179673551
Prevotella_12	0.6179841028
Lactobacillus_31	0.6180165268
Thermosinus_0	0.6180747908
unclassified_Erysipelotrichaceae_1	0.6181287076
Photobacterium_0	0.6181700803
Bacteroides_56	0.6181957428
Enterococcus_12	0.6181966669
Bacteroides_36	0.618199361
Lactobacillus_32	0.6182021411
Streptococcus_9	0.6182101946
Enterococcus_41	0.6182342089
Staphylococcus_20	0.6185085415
Coprobacillus_1	0.6185338961
Lactobacillus_7	0.6187700111
Lactobacillus_58	0.6188127839
Chlorobaculum_1	0.6188229709
Dictyoglomus_0	0.6188507692
Escherichia_2	0.6189352897
Bifidobacterium_28	0.6191279415
Peptoniphilus_7	0.6191635862
Moorella_0	0.6192045378
Enterococcus_14	0.6193013587
Prevotella_17	0.6193989046
Staphylococcus_16	0.6194181162
Peptostreptococcus_0	0.6194646884
Synechococcus_1	0.6195110586
Bifidobacterium_3	0.6196093831
Leifsonia_0	0.6196284385
Staphylococcus_28	0.6196317423
Streptococcus_36	0.6196332513
Staphylococcus_44	0.6196453134
unclassified_Bacteria_1	0.6196923013
Lactobacillus_16	0.6197157661
unclassified_Clostridiales_2	0.6197537617
Megasphaera_0	0.6197640955
Thermanaerovibrio_0	0.6198882111
Staphylococcus_52	0.619897707
Lactobacillus_5	0.6202097401
Brachybacterium_1	0.6202605877
Enterococcus_38	0.6203098057
Bacillus_0	0.6204421928
Peptoniphilus_1	0.6205583385
Prevotella_27	0.620586437
Escherichia_6	0.6206167124
Bacteroides_34	0.6207462836
Enterococcus_37	0.6208085641
Paraprevotella_1	0.6208671697
Bacteroides_40	0.6208865575
Vibrio_2	0.6209236936
Helicobacter_7	0.6214936414
Gordonibacter_1	0.6214951102
Bifidobacterium_6	0.6215527667
Staphylococcus_58	0.6216245597
Leptolyngbya_0	0.6219046361
Selenomonas_4	0.6219625228
Desulfovibrio_4	0.6220727015
Parascardovia_0	0.6221383161
Prevotella_23	0.622193548
Bacteroides_4	0.6222341398
Pelotomaculum_0	0.6223274387
Lactobacillus_2	0.6225132636
Filifactor_0	0.6226048547
Lactobacillus_48	0.6226112604
Finegoldia_1	0.6226586973
Clostridium_39	0.6226737937
Prevotella_2	0.6227464102
Candidatus_Sulcia_1	0.6228206525
Bifidobacterium_0	0.6229546373
Ruminococcus_1	0.6232521256
Polaribacter_1	0.6232751106
Bifidobacterium_33	0.6233334198
Corynebacterium_0	0.6234294674
Staphylococcus_54	0.6234681997
Escherichia_0	0.62352459
Escherichia_33	0.6236349014
Staphylococcus_3	0.6236360949
Staphylococcus_51	0.6236588081
Eubacterium_27	0.6237170781
Eubacterium_9	0.6237198663
Porphyromonas_1	0.6237801609
Actinobacillus_5	0.6237963186
Streptococcus_47	0.6238059679
Erythrobacter_0	0.6243532343
Odoribacter_0	0.6245226087
Bacteroides_18	0.6247180863
Staphylococcus_37	0.6247664482
Staphylococcus_43	0.624788174
Clostridium_34	0.6249610367
Bacteroides_47	0.6249818987
Staphylococcus_9	0.6250220542
Listeria_6	0.6252354261
Aeromonas_0	0.6252485844
Veillonella_6	0.6254177773
Lawsonia_0	0.6254595278
Polaromonas_0	0.6255304771
Staphylococcus_42	0.6256305464
Staphylococcus_27	0.6257145767
Corynebacterium_14	0.6258150488
unclassified_Erysipelotrichaceae_2	0.625837371
Bifidobacterium_37	0.6258525094
Mobiluncus_2	0.6259341763
Brevibacterium_2	0.6259426405
Streptococcus_61	0.62602309
Corynebacterium_7	0.6260362039
Bifidobacterium_47	0.6261468254
Turicibacter_0	0.6262140475
Vibrio_3	0.6262240918
Bacteroides_52	0.6262634663
Bacteroides_60	0.6262971008
Anaerococcus_3	0.6263611027
Prevotella_21	0.6264788823
Staphylococcus_49	0.6265112633
Trabulsiella_0	0.6266363195
Corynebacterium_20	0.626696659
Bacteroides_17	0.6269169405
Haemophilus_0	0.6269313881
Anaerofustis_0	0.6269796776
Prevotella_7	0.6270040023
Helicobacter_5	0.6270464429
Lactobacillus_20	0.627073148
Acinetobacter_9	0.6271923169
Roseburia_1	0.627208089
Staphylococcus_32	0.6272998211
Bifidobacterium_17	0.6274155
Bifidobacterium_9	0.6280032446
Staphylococcus_2	0.6280280888
Eubacterium_3	0.6281802981
Atopobium_1	0.628221584
Corynebacterium_24	0.6284169437
Ruminococcus_9	0.6284317125
Aeromonas_4	0.6285034054
Bifidobacterium_16	0.6285245318
unclassified_Clostridiales_1	0.628583516
Erysipelatoclostridium_2	0.6287010078
Prevotella_36	0.6287321452
Fusobacterium_14	0.628925219
Clostridium_3	0.6289488771
Lactococcus_3	0.628966372
Desulfotomaculum_0	0.6291076576
Grimontia_0	0.6292027753
Veillonella_1	0.6292651802
Enterococcus_29	0.6292911337
Eubacterium_18	0.629331847
Clostridioides_4	0.6294323675
Mitsuokella_0	0.6295075746
Blattabacterium_0	0.6295765138
Coprobacillus_4	0.6296402848
Jonquetella_0	0.6296548749
Prevotella_29	0.6296922934
Acidipropionibacterium_0	0.6297993895
Candidatus_Desulforudis_0	0.6298171786
Acidipropionibacterium_1	0.6298307348
Caminibacter_0	0.6302596117
Enterococcus_22	0.6303947859
Enterococcus_11	0.6304171762
Lactobacillus_67	0.6304550058
Yersinia_9	0.6307985207
Lactobacillus_10	0.6308136545
Lactobacillus_39	0.6309954125
Prevotella_5	0.6310066504
Bifidobacterium_5	0.6312427022
Parabacteroides_7	0.6313318602
Listeria_11	0.6314352144
Aeromonas_3	0.6314401073
Actinomyces_3	0.6315519527
Streptococcus_8	0.6315568519
Bacteroides_35	0.6316644338
Streptococcus_58	0.631833188
Streptococcus_34	0.6321785066
Nitrosospira_0	0.6324733017
Bacteroides_24	0.6325079362
Sutterella_2	0.6326371961
Haemophilus_2	0.6326506767
Enterococcus_26	0.6326539087
Streptomyces_2	0.6327554573
Tannerella_1	0.6329404218
Bacteroides_51	0.633071762
Listeria_10	0.633123591
Streptococcus_23	0.6338233027
Enterococcus_7	0.6338328229
Streptococcus_50	0.6340073424
Listeria_14	0.6340211292
Clostridium_40	0.6340320435
Stenotrophomonas_1	0.6342217841
Selenomonas_3	0.6342543271
Raoultella_0	0.6342595021
Staphylococcus_35	0.6343567715
Anaerostipes_1	0.6345571621
Corynebacterium_17	0.6345678996
Bifidobacterium_43	0.6345757441
Bacteroides_39	0.6347972074
Bacteroides_5	0.6348679801
Bacteroides_6	0.6348708256
Ruminiclostridium_3	0.6349785258
Selenomonas_2	0.6349954015
Dorea_2	0.6350121039
Streptomyces_3	0.6351244904
Simonsiella_0	0.6352498187
Selenomonas_1	0.6352947759
Bifidobacterium_20	0.6353497884
Listeria_12	0.6354673249
Marvinbryantia_0	0.6356299894
Staphylococcus_5	0.6356582485
Streptomyces_0	0.6357959966
Streptococcus_44	0.6359372655
Paenibacillus_2	0.6359690122
Staphylococcus_29	0.6360547759
Butyrivibrio_1	0.6364679718
Staphylococcus_14	0.6365169178
Bifidobacterium_21	0.6366452574
Paraprevotella_0	0.6368000759
Bifidobacterium_15	0.6368458121
Escherichia_30	0.6368572485
Corynebacterium_21	0.6368870438
Robiginitalea_0	0.6371634425
Eubacterium_23	0.6372914317
Holdemania_0	0.6373289254
Parabacteroides_1	0.637421016
Eubacterium_20	0.6374252337
Escherichia_50	0.6376087323
Bacteroides_0	0.6376410204
Staphylococcus_15	0.6376829463
Bifidobacterium_1	0.6377380894
Stenotrophomonas_3	0.6377710061
Nevskia_0	0.6380394759
Yersinia_5	0.638054642
Listeria_3	0.6382239918
Bifidobacterium_42	0.6382989158
Alkaliphilus_1	0.6383154288
Clostridium_23	0.638408401
Jonesia_0	0.6385120731
Vibrio_1	0.6385953145
Bacteroides_27	0.6390711707
Parabacteroides_3	0.6391075196
Bacteroides_59	0.6392603655
Hafnia_0	0.6393357056
Yersinia_4	0.6395470588
Listeria_0	0.6396958329
Staphylococcus_26	0.6402206915
Varibaculum_0	0.6403548875
Neisseria_4	0.6405341998
Odoribacter_1	0.6405379823
Streptococcus_42	0.6408033903
Listeria_2	0.6408177525
Bacteroides_13	0.6408287255
Blautia_4	0.6414728294
Streptococcus_62	0.6417626494
Clostridium_26	0.6418724297
Prevotella_22	0.6421257274
Bacteroides_50	0.6427820809
Haemophilus_8	0.6427832184
Enterococcus_42	0.6429226035
Catenibacterium_0	0.6430123275
Akkermansia_0	0.6434304583
Prevotella_31	0.6437082478
Atlantibacter_0	0.644030739
Bacteroides_30	0.6440556077
Alistipes_2	0.6445811117
Aeromonas_2	0.6447453146
Lactobacillus_15	0.6447524336
Corynebacterium_2	0.6447553512
Borreliella_0	0.6447775502
Megamonas_0	0.645256093
Clostridium_11	0.6453853279
Streptococcus_20	0.6457050435
Vibrio_4	0.6459671536
Alistipes_3	0.6461114032
Ureaplasma_0	0.6461686141
Bilophila_1	0.6462614996
Bordetella_2	0.6463098394
Bacteroides_22	0.6474476361
Bifidobacterium_14	0.6477059876
Janthinobacterium_0	0.6477719617
Roseomonas_0	0.6479942685
Bacteroides_16	0.6481471617
Eubacterium_2	0.6482397427
Centipeda_0	0.6483400715
Pedobacter_0	0.6486349388
Lactobacillus_38	0.6491172979
Janibacter_0	0.6492144916
Ruminiclostridium_6	0.6495034963
Lachnospira_0	0.6502822398
Streptococcus_43	0.6512475698
Tyzzerella_0	0.6513606888
Prevotella_16	0.6515732204
Corynebacterium_19	0.6523841991
Kocuria_0	0.6526303582
Nitrososphaera_0	0.6527573608
Eggerthella_0	0.6533211227
Serratia_0	0.6536119924
Paraburkholderia_0	0.6545129541
Streptococcus_52	0.6555442728
Clavibacter_0	0.6560936927
Bacteroides_2	0.6561829482
Bifidobacterium_11	0.6563832415
Bifidobacterium_30	0.6569012923
Streptococcus_25	0.6570435657
Streptococcus_11	0.6577730453
Bacteroides_49	0.6581728476
Mycoplasma_3	0.6581945543
Bacteroides_25	0.6585143277
Bacillus_9	0.6592597147
Bacteroides_58	0.6599258307
Campylobacter_12	0.6600775485
Candidatus_Carsonella_0	0.6601546414
Cupriavidus_0	0.6601737979
Bacteroides_20	0.660281181
Kandleria_0	0.6603704398
Campylobacter_6	0.6604453561
Bifidobacterium_44	0.6611523669
Trueperella_0	0.6624212477
Corynebacterium_23	0.6626558784
Corynebacterium_4	0.6629490636
Eubacterium_29	0.6631878649
Bacteroides_7	0.6637894615
Ruminiclostridium_8	0.6638510554
Mycobacterium_4	0.6638796564
Helicobacter_14	0.6645432636
Listeria_1	0.6646805935
Corynebacterium_10	0.6647665548
Prevotella_30	0.6648497905
Yokenella_0	0.664941915
Staphylococcus_8	0.6650302003
Corynebacterium_5	0.6654193982
Neisseria_17	0.6665858804
Brachyspira_3	0.6666206933
Chania_0	0.6668608965
Lachnoclostridium_7	0.6683630635
Parabacteroides_4	0.6691603039
Campylobacter_4	0.6696535594
Methanomassiliicoccus_0	0.6698603811
Enterococcus_18	0.6699641613
Fusobacterium_17	0.6708189109
Clostridium_9	0.6709539567
Lactobacillus_26	0.6730721996
Eubacterium_19	0.6742852236
Syntrophothermus_0	0.67433266
Eubacterium_41	0.674357455
Eggerthella_3	0.6757565374
Bacteroides_11	0.675824837
Cryptobacterium_0	0.6760625784
Mycoplasma_0	0.6765419741
Ochrobactrum_0	0.6773580227
Psychromonas_0	0.6786103542
Renibacterium_0	0.6797659605
Lactobacillus_78	0.6802805714
Brachyspira_0	0.6813387687
Methyloversatilis_1	0.6823411699
Ethanoligenens_0	0.6832746022
Neisseria_5	0.6853525717
Zymomonas_0	0.6856606897
Geodermatophilus_0	0.6857547906
Bacteroides_1	0.687621996
Streptococcus_51	0.6897819561
Anaerostipes_2	0.6901763257
Butyricimonas_1	0.6906156954
Roseburia_2	0.6912054365
Bartonella_0	0.691962194
Neisseria_16	0.6928606695
Dialister_1	0.6932237345
Roseiflexus_0	0.6934662363
Oribacterium_2	0.6953949536
Gordonia_3	0.6968291125
Cellulomonas_0	0.6968950203
Corynebacterium_16	0.6982808811
Kordia_0	0.698367861
Lactobacillus_43	0.6984776524
Helicobacter_13	0.698935808
Desulfovibrio_0	0.6994745154
Eubacterium_25	0.6995330791
Bacteroides_42	0.69979571
Neisseria_8	0.7000980858
Azoarcus_0	0.7042656368
Saccharopolyspora_0	0.7066425954
Bacillus_25	0.7067191223
Alicycliphilus_0	0.7077861323
Prevotella_11	0.7093125355
Fusobacterium_15	0.7128659863
Helicobacter_0	0.7137540143
Eubacterium_7	0.7142180799
Gemmata_0	0.7156051692
Nakamurella_0	0.7157960838
Parabacteroides_2	0.7168808937
Acinetobacter_1	0.7175479392
Methanobrevibacter_0	0.7185220546
Haemophilus_3	0.7256438672
Zunongwangia_0	0.7257310476
Prevotella_13	0.7258465077
Bacteroides_15	0.7271077485
Aeromicrobium_0	0.7280912897
Acidaminococcus_2	0.7290730963
Acetomicrobium_0	0.7295366739
Ralstonia_2	0.731243344
Ruminiclostridium_12	0.7313080232
Thiobacillus_0	0.7324033382
Geobacillus_1	0.7325993554
Eubacterium_32	0.7332237825
Blautia_6	0.7344521825
Porphyromonas_3	0.7350621964
Clostridium_22	0.7389013117
Parabacteroides_0	0.7413377953
Bacteroides_9	0.7427485051
Actinomyces_9	0.7448238201
Ralstonia_0	0.7454973288
Acinetobacter_5	0.7461973544
Bacteroides_10	0.7489990946
Laribacter_0	0.7496094616
Neisseria_0	0.7496700348
Methanobrevibacter_1	0.7545771006
Prevotella_38	0.7561511581
Rothia_4	0.7565199665
Thiomonas_0	0.7586747892
Bacteroides_55	0.7589562699
Subdoligranulum_0	0.7604015604
Clostridioides_0	0.7608352806
Faecalibacterium_2	0.7613597094
Lactobacillus_47	0.7614505582
Prevotella_42	0.7653253887
Clostridioides_6	0.7677988662
Campylobacter_15	0.7684760613
Pseudoalteromonas_0	0.7686718439
Sutterella_0	0.7696759264
Bacteroides_54	0.773954573
Intestinibacter_0	0.7764076408
Dictyoglomus_1	0.7770440184
Bacillus_36	0.7778539182
Ralstonia_5	0.7801629024
Clostridioides_3	0.7801976905
Bordetella_0	0.7805526296
Methanosphaera_0	0.7821752816
Helicobacter_9	0.7842161173
Campylobacter_2	0.786911189
Acidovorax_1	0.7899156034
Eubacterium_14	0.790223559
Mobiluncus_1	0.7922272155
Desulfovibrio_7	0.7965566878
Prevotella_41	0.7984564008
Clostridioides_10	0.7992676466
Yersinia_11	0.7993596315
Parasutterella_0	0.800542359
Xenorhabdus_1	0.8039011465
Pseudomonas_7	0.8065125843
Cronobacter_1	0.806573448
Pseudomonas_8	0.806817075
Erwinia_0	0.8076666797
Pectobacterium_0	0.8093924802
Pseudomonas_15	0.8098973813
Xanthomonas_0	0.8104268598
Bacteroides_45	0.811348669
Enterobacter_3	0.8115129681
Yersinia_2	0.81234231
Escherichia_44	0.8135964737
Pseudomonas_10	0.8137854042
Shewanella_0	0.8147567185
Stackebrandtia_0	0.8149372353
Ralstonia_1	0.8149933458
Candidatus_Phytoplasma_0	0.8151912756
Escherichia_45	0.8157114449
Pseudomonas_19	0.8159592678
Pseudomonas_30	0.8164881172
Erwinia_1	0.8165231766
Escherichia_38	0.8165726915
Salmonella_3	0.8168779551
Pseudomonas_17	0.8173225948
Escherichia_7	0.818031996
Lactobacillus_55	0.8185650459
Yersinia_12	0.8190551606
Streptococcus_31	0.8191328805
Ureaplasma_2	0.8191539101
Aliivibrio_0	0.8191625774
Pseudomonas_24	0.8194571419
Salmonella_1	0.8199973825
Corynebacterium_1	0.8201599868
Roseobacter_0	0.8202951884
Pseudomonas_13	0.8204293723
Escherichia_47	0.8211237181
Limnobacter_0	0.8215524665
Escherichia_48	0.821601705
Escherichia_8	0.8217147464
Yersinia_14	0.8218246676
Shigella_3	0.8225479995
Xenorhabdus_0	0.8227924521
Yersinia_3	0.8228525776
Yersinia_10	0.8229022092
Dickeya_0	0.8229536048
Dokdonia_0	0.823138387
Vibrio_0	0.8231495644
Yersinia_8	0.8233054857
unclassified_Melainabacteria_0	0.8236068537
Edwardsiella_2	0.8238880025
Prevotella_20	0.8243257416
Shigella_2	0.8250046001
Streptococcus_16	0.8250839979
Escherichia_31	0.8252167363
Pseudomonas_21	0.8254176686
Salmonella_2	0.8255875003
Neisseria_6	0.8257346611
Actinomyces_2	0.8257547888
Shigella_0	0.8258351196
Escherichia_29	0.8266424938
Shigella_1	0.8277779177
Escherichia_16	0.8280832619
Salmonella_12	0.8283670553
Escherichia_49	0.8284518833
Salmonella_10	0.8284575524
Erwinia_3	0.8284960191
Bifidobacterium_35	0.8292231031
Yersinia_6	0.8302319845
Pseudomonas_22	0.8304496383
Neisseria_10	0.8312156692
Pseudomonas_18	0.8318713366
Pantoea_0	0.8320826541
Escherichia_10	0.8324583961
Synechococcus_0	0.8329460957
Acinetobacter_2	0.8335030507
Cyanothece_0	0.8347476994
Streptococcus_33	0.835044842
Salmonella_13	0.8353298242
Polaromonas_1	0.8355322843
Erwinia_2	0.8360844235
Clostridium_12	0.837202703
Klebsiella_6	0.83741521
Brachyspira_2	0.837630794
Afipia_1	0.8393626637
Nocardioides_0	0.8396587233
Escherichia_15	0.839763481
Neisseria_14	0.8405047652
Acidovorax_0	0.8408461469
Escherichia_23	0.8423487659
Acidovorax_2	0.8424984982
Dickeya_1	0.8426938196
Cupriavidus_1	0.8427786554
Fusobacterium_0	0.8428776574
Escherichia_5	0.8433724582
Edwardsiella_0	0.8449155001
Rhodoferax_0	0.8450823
Faecalibacterium_3	0.8453780331
Cloacibacillus_0	0.8457832837
Porphyromonas_0	0.8488894668
Sulfurihydrogenibium_0	0.8496171632
Sphingobium_0	0.8498561749
Salmonella_7	0.850587689
Erwinia_4	0.8511473741
Fusobacterium_7	0.8521750948
Arthrobacter_1	0.8547103207
Campylobacter_22	0.8549050777
Lactobacillus_13	0.8558844234
Mycoplasma_7	0.8591673357
Oligotropha_0	0.8592402791
Oxalobacter_1	0.8654451192
Leuconostoc_3	0.8656833044
Streptococcus_12	0.8658289334
Streptococcus_13	0.8661498296
Campylobacter_0	0.8662163964
Pseudomonas_27	0.8710796043
Kangiella_0	0.8750798949
Alloprevotella_0	0.8803130425
Lactobacillus_6	0.8824700923
Streptococcus_10	0.8848485577
Helicobacter_8	0.8875712674
Rothia_2	0.8887044856
Campylobacter_18	0.894721656
Neisseria_3	0.9013601008
Campylobacter_3	0.9060521155
Gemella_3	0.9072116829
Prevotella_18	0.9118014454
Desulfovibrio_3	0.9124210118
Desulfovibrio_11	0.9129753981
Pseudomonas_14	0.9143640621
Staphylococcus_11	0.9172376155
Desulfovibrio_8	0.9190387565
Desulfovibrio_1	0.9196965913
Pseudomonas_28	0.9208090053
Cutibacterium_0	0.9215071343
Fusobacterium_23	0.92225889
Streptococcus_7	0.9232605599
Cutibacterium_6	0.9234938755
Lactobacillus_41	0.9248815314
Cutibacterium_3	0.9274800322
Cutibacterium_4	0.9293306505
Ruminococcus_4	0.9350262396
Porphyromonas_6	0.9354619841
Adlercreutzia_0	0.9403975646
Pyramidobacter_0	0.9447675759
Macrococcus_0	0.9505763209
Slackia_2	0.9521789913
Oxalobacter_0	0.9533217764
Clostridium_30	0.953701696
Staphylococcus_47	0.9624396242
Acidaminococcus_0	0.9662307636
Desulfitobacterium_1	0.9704501448
Porphyromonas_4	0.973079612
Fusobacterium_4	0.9753398245
Actinomyces_0	0.9831799309
Helicobacter_15	0.9848425565
Slackia_0	0.9850800136
Kingella_0	0.9872482933
Gordonibacter_0	0.9927861174
